primary_intent,authority_url,supporting_urls,authority_status,schema_contract
organization and national service overview,https://envitechal.com/,,indexable self-canonical 200,page-type contract; stable Organization/provider references
organization identity and governance,https://envitechal.com/aboutus/,,indexable self-canonical 200,page-type contract; stable Organization/provider references
machine-readable organization facts,https://envitechal.com/about-envi-tech-al-for-ai-search-engines/,,indexable self-canonical 200,page-type contract; stable Organization/provider references
credentials and issuer verification,https://envitechal.com/accreditations-certifications/,,indexable self-canonical 200,page-type contract; stable Organization/provider references
Karachi environmental laboratory,https://envitechal.com/karachi-environmental-lab/,,indexable self-canonical 200,page-type contract; stable Organization/provider references
Lahore environmental laboratory,https://envitechal.com/lahore-environmental-lab/,,indexable self-canonical 200,page-type contract; stable Organization/provider references
service portfolio,https://envitechal.com/services/,,indexable self-canonical 200,page-type contract; stable Organization/provider references
analytical laboratory services,https://envitechal.com/services/analytical-lab-services/,https://envitechal.com/how-to-choose-the-suitable-environmental-lab/ | https://envitechal.com/iso-17025-accredited-lab-pakistan/ | https://envitechal.com/ppwr-heavy-metal-testing-packaging-pakistan/,indexable self-canonical 200,page-type contract; stable Organization/provider references
water testing laboratory services,https://envitechal.com/services/water-testing-lab-services/,,indexable self-canonical 200,page-type contract; stable Organization/provider references
drinking-water testing,https://envitechal.com/drinking-water-testing-lab/,https://envitechal.com/how-to-read-water-test-report-peqs-who/ | https://envitechal.com/wastewater-etp-effluent-testing-seqs-neqs/ | https://envitechal.com/water-testing-cost-karachi/,indexable self-canonical 200,page-type contract; stable Organization/provider references
wastewater testing,https://envitechal.com/wastewater-testing-services/,,indexable self-canonical 200,page-type contract; stable Organization/provider references
ambient-air monitoring,https://envitechal.com/ambient-air-monitoring-services/,https://envitechal.com/ambient-air-quality-monitoring-pakistan/,indexable self-canonical 200,page-type contract; stable Organization/provider references
stack and gaseous emissions testing,https://envitechal.com/gaseous-air-emission-testing-lab-near-me/,,indexable self-canonical 200,page-type contract; stable Organization/provider references
noise monitoring and dosimetry,https://envitechal.com/noise-monitoring-dosimetry/,https://envitechal.com/noise-level-monitoring-industrial-workplace/,indexable self-canonical 200,page-type contract; stable Organization/provider references
soil and hazardous-waste testing,https://envitechal.com/soil-hazardous-waste-testing/,,indexable self-canonical 200,page-type contract; stable Organization/provider references
industrial-hygiene monitoring,https://envitechal.com/industrial-hygiene-monitoring/,,indexable self-canonical 200,page-type contract; stable Organization/provider references
equipment calibration capability,https://envitechal.com/services/equipment-calibration-services/,,indexable self-canonical 200,page-type contract; stable Organization/provider references
environmental consultancy,https://envitechal.com/services/environmental-consultancy/,https://envitechal.com/environmental-consultancy-karachi-guide/ | https://envitechal.com/environmental-monitoring-report-emr-emp-sindh-epa/ | https://envitechal.com/iee-vs-eia-vs-emp-vs-noc-pakistan/ | https://envitechal.com/sindh-epa-vs-punjab-epa-noc-lahore/,indexable self-canonical 200,page-type contract; stable Organization/provider references
certification advisory,https://envitechal.com/services/certification-advisory/,,indexable self-canonical 200,page-type contract; stable Organization/provider references
ballast-water testing capability,https://envitechal.com/services/ballast-water-testing-services/,,indexable self-canonical 200,page-type contract; stable Organization/provider references
thermal-imaging inspection,https://envitechal.com/services/thermal-imaging-inspection/,,indexable self-canonical 200,page-type contract; stable Organization/provider references
technical advisory,https://envitechal.com/services/technical-advisory-2/,,indexable self-canonical 200,page-type contract; stable Organization/provider references
environmental advisory,https://envitechal.com/services/environmental-advisory/,,indexable self-canonical 200,page-type contract; stable Organization/provider references
maritime environmental testing,https://envitechal.com/maritime-environmental-testing/,,indexable self-canonical 200,page-type contract; stable Organization/provider references
"EMP, EMR, IEE and EIA compliance",https://envitechal.com/emp-emr-iee-eia-compliance/,,indexable self-canonical 200,page-type contract; stable Organization/provider references
report verification,https://envitechal.com/report-verification-portal/,,indexable self-canonical 200,page-type contract; stable Organization/provider references
environmental testing FAQs,https://envitechal.com/environmental-testing-faqs-pakistan/,,indexable self-canonical 200,page-type contract; stable Organization/provider references
SEQS reference,https://envitechal.com/sindh-environmental-quality-standards-seqs/,,indexable self-canonical 200,page-type contract; stable Organization/provider references
TDAP laboratory support,https://envitechal.com/tdap-registered-lab-in-karachi-pakistan/,,indexable self-canonical 200,page-type contract; stable Organization/provider references
contact and quotation route,https://envitechal.com/contact-us-envi-tech-al/,,indexable self-canonical 200,page-type contract; stable Organization/provider references
official downloads,https://envitechal.com/downloads/,,indexable self-canonical 200,page-type contract; stable Organization/provider references
knowledge hub index,https://envitechal.com/blognewsupdates/,,indexable self-canonical 200,page-type contract; stable Organization/provider references
careers,https://envitechal.com/careers-at-envi-tech-al/,,indexable self-canonical 200,page-type contract; stable Organization/provider references
published client portfolio,https://envitechal.com/ourclients/,,indexable self-canonical 200,page-type contract; stable Organization/provider references
