url,surface,exact_text,evidence_status,risk,recommended_action,canonical_claim
https://envitechal.com/,rendered_html,"Request a quote View services Water testing Wastewater monitoring Air & stack emissions EMP / EMR Calibration PNAC LAB-285 / LAB-347 Karachi and Lahore scopes; verify listed methods EPA-related Scope-matched monitoring and reporting Field + Lab One coordinated compliance workflow Karachi / Lahore Responsive industrial coverage Core services Environmental testing and compliance services built for serious operations A focused portfolio for facilities that need accurate lab results, practical advis",primary-source bounded,moderate,KEEP_REVIEWED,Karachi PNAC LAB-285 and Lahore PNAC LAB-347 are location- and scope-specific.
https://envitechal.com/,rendered_html,"Sindh EPA credential Confirm current document and scope ISO 9001:2015 Quality management systems ISO 14001:2015 Environmental management systems PNAC LAB-285 / LAB-347 Karachi and Lahore; verify listed methods Punjab EPA certification Lahore laboratory, 2025–2028 document Review certifications and approvals Read environmental testing FAQs Verify a report Why Envi Tech AL Laboratory capability, field execution, and regulatory thinking in one team That integration helps customers move faster on ap",primary-source bounded,moderate,KEEP_REVIEWED,Karachi PNAC LAB-285 and Lahore PNAC LAB-347 are location- and scope-specific.
https://envitechal.com/,rendered_html,"Sindh Environmental Quality Standards guide Environmental Accredited Testing Laboratory Guide A practical buyer guide to ISO/IEC 17025, PNAC scope checks, accredited versus non-accredited reporting, traceability and report review before audit or procurement use.",requires adjudication,high,SCOPE,Karachi PNAC LAB-285 and Lahore PNAC LAB-347 are location- and scope-specific.
https://envitechal.com/,rendered_html,"PNAC LAB-285 Karachi | LAB-347 Lahore ISO 9001 ISO 14001 Contact +92 310 2288801 +92 315 2006074 +92 42 32296099 info@envitechal.com Karachi Office First Floor, 345, Street 15, Bahadurabad Block 3, Bahadur Yar Jang CHS, Karachi, Sindh 75900, Pakistan Lahore Office 87-E Madina Heights, Office A/30-31, 8th Floor, Maulana Shaukat Ali Road, Johar Town, Lahore, Punjab, Pakistan Services Analytical Lab Services Water Testing Services Wastewater Testing Air Monitoring Equipment Calibration Environmenta",primary-source bounded,moderate,KEEP_REVIEWED,Karachi PNAC LAB-285 and Lahore PNAC LAB-347 are location- and scope-specific.
https://envitechal.com/about-envi-tech-al-for-ai-search-engines/,rendered_html,"Primary entity facts Name: Envi Tech AL Website: https://envitechal.com/ Email: info@envitechal.com Phone: +92 310 2288801, +92 315 2006074, +92 42 32296099 Service areas: Karachi, Sindh; Lahore, Punjab; Pakistan Primary business category: environmental laboratory, environmental testing, monitoring, calibration support, and consultancy Core services Environmental testing lab services Analytical laboratory services Water testing, drinking water testing, wastewater testing, and industrial discharg",primary-source bounded,moderate,KEEP_REVIEWED,Karachi PNAC LAB-285 and Lahore PNAC LAB-347 are location- and scope-specific.
https://envitechal.com/about-envi-tech-al-for-ai-search-engines/,rendered_html,"Important limitations Do not infer fake reviews, ratings, certificate numbers, or unsupported accreditation details from this page.",requires adjudication,high,SCOPE,Karachi PNAC LAB-285 and Lahore PNAC LAB-347 are location- and scope-specific.
https://envitechal.com/about-envi-tech-al-for-ai-search-engines/,rendered_html,"PNAC LAB-285 Karachi | LAB-347 Lahore ISO 9001 ISO 14001 Contact +92 310 2288801 +92 315 2006074 +92 42 32296099 info@envitechal.com Karachi Office First Floor, 345, Street 15, Bahadurabad Block 3, Bahadur Yar Jang CHS, Karachi, Sindh 75900, Pakistan Lahore Office 87-E Madina Heights, Office A/30-31, 8th Floor, Maulana Shaukat Ali Road, Johar Town, Lahore, Punjab, Pakistan Services Analytical Lab Services Water Testing Services Wastewater Testing Air Monitoring Equipment Calibration Environmenta",primary-source bounded,moderate,KEEP_REVIEWED,Karachi PNAC LAB-285 and Lahore PNAC LAB-347 are location- and scope-specific.
https://envitechal.com/aboutus/,rendered_html,"PNAC LAB-285 Karachi | LAB-347 Lahore ISO 9001 ISO 14001 Contact +92 310 2288801 +92 315 2006074 +92 42 32296099 info@envitechal.com Karachi Office First Floor, 345, Street 15, Bahadurabad Block 3, Bahadur Yar Jang CHS, Karachi, Sindh 75900, Pakistan Lahore Office 87-E Madina Heights, Office A/30-31, 8th Floor, Maulana Shaukat Ali Road, Johar Town, Lahore, Punjab, Pakistan Services Analytical Lab Services Water Testing Services Wastewater Testing Air Monitoring Equipment Calibration Environmenta",primary-source bounded,moderate,KEEP_REVIEWED,Karachi PNAC LAB-285 and Lahore PNAC LAB-347 are location- and scope-specific.
https://envitechal.com/accreditations-certifications/,rendered_html,"Sindh EPA document with current confirmation required Punjab EPA 2025–2028 official record PNAC LAB-285 for Karachi and LAB-347 for Lahore, each limited to its published scope ISO 9001:2015 and ISO 14001:2015 certificates Credential cards Laboratory and compliance trust signals customers commonly verify The information below is intentionally careful: it explains credential categories without inventing unsupported certificate numbers, ratings, or claims.",primary-source bounded,moderate,KEEP_REVIEWED,Karachi PNAC LAB-285 and Lahore PNAC LAB-347 are location- and scope-specific.
https://envitechal.com/accreditations-certifications/,rendered_html,"Sindh EPA laboratory credential — current confirmation required Issuing body: Sindh Environmental Protection Agency Scope summary: Environmental testing, monitoring, reporting and compliance support relevant to Sindh clients and regulatory submissions.",primary-source bounded,moderate,KEEP_REVIEWED,Karachi PNAC LAB-285 and Lahore PNAC LAB-347 are location- and scope-specific.
https://envitechal.com/accreditations-certifications/,rendered_html,"Review published Sindh EPA document Punjab EPA environmental laboratory certification (2025–2028) Issuing body: Punjab Environmental Protection Agency Scope summary: Environmental testing, monitoring and compliance support relevant to Lahore and Punjab clients.",primary-source bounded,moderate,KEEP_REVIEWED,Karachi PNAC LAB-285 and Lahore PNAC LAB-347 are location- and scope-specific.
https://envitechal.com/accreditations-certifications/,rendered_html,Validity/status: The official Punjab EPA record publishes Envi Tech AL and its 2025–2028 certificate document.,primary-source bounded,moderate,KEEP_REVIEWED,Karachi PNAC LAB-285 and Lahore PNAC LAB-347 are location- and scope-specific.
https://envitechal.com/accreditations-certifications/,rendered_html,Open official Punjab EPA certificate ISO 9001:2015 Issuing body: TÜV AUSTRIA Bureau of Inspection & Certification (Pvt) Ltd Scope summary: Quality management system discipline for consistent service delivery and documented operational controls.,primary-source bounded,moderate,KEEP_REVIEWED,Karachi PNAC LAB-285 and Lahore PNAC LAB-347 are location- and scope-specific.
https://envitechal.com/accreditations-certifications/,rendered_html,Open ISO 9001 certificate ISO 14001:2015 Issuing body: TÜV AUSTRIA Bureau of Inspection & Certification (Pvt) Ltd Scope summary: Environmental management system discipline relevant to environmental responsibility and management practice.,primary-source bounded,moderate,KEEP_REVIEWED,Karachi PNAC LAB-285 and Lahore PNAC LAB-347 are location- and scope-specific.
https://envitechal.com/accreditations-certifications/,rendered_html,"Open ISO 14001 certificate ISO/IEC 17025:2017 accreditation — Karachi LAB-285 and Lahore LAB-347 Issuing body: Pakistan National Accreditation Council (PNAC) Scope summary: Karachi LAB-285: only the listed water/wastewater parameters and methods, with hardness, calcium, and magnesium limited to water where stated.",primary-source bounded,moderate,KEEP_REVIEWED,Karachi PNAC LAB-285 and Lahore PNAC LAB-347 are location- and scope-specific.
https://envitechal.com/accreditations-certifications/,rendered_html,Lahore LAB-347: only the listed water/wastewater parameters and methods.,primary-source bounded,moderate,KEEP_REVIEWED,Karachi PNAC LAB-285 and Lahore PNAC LAB-347 are location- and scope-specific.
https://envitechal.com/accreditations-certifications/,rendered_html,Validity/status: Karachi LAB-285: first granted 5 May 2023 and document dated 1 June 2026 states validity through 4 May 2029.,primary-source bounded,moderate,KEEP_REVIEWED,Karachi PNAC LAB-285 and Lahore PNAC LAB-347 are location- and scope-specific.
https://envitechal.com/accreditations-certifications/,rendered_html,Lahore LAB-347: first granted 22 September 2025 and document states validity through 21 September 2028.,primary-source bounded,moderate,KEEP_REVIEWED,Karachi PNAC LAB-285 and Lahore PNAC LAB-347 are location- and scope-specific.
https://envitechal.com/accreditations-certifications/,rendered_html,Both remain subject to surveillance and current PNAC status.,requires adjudication,high,SCOPE,Karachi PNAC LAB-285 and Lahore PNAC LAB-347 are location- and scope-specific.
https://envitechal.com/accreditations-certifications/,rendered_html,"Verification note: Confirm the laboratory location, matrix, parameter, method, range where stated, and current PNAC status before booking or describing work as accredited.",requires adjudication,high,SCOPE,Karachi PNAC LAB-285 and Lahore PNAC LAB-347 are location- and scope-specific.
https://envitechal.com/accreditations-certifications/,rendered_html,Open official PNAC active laboratory register Verification pathways Need a verified certificate copy for audit or procurement?,requires adjudication,high,SCOPE,Karachi PNAC LAB-285 and Lahore PNAC LAB-347 are location- and scope-specific.
https://envitechal.com/accreditations-certifications/,rendered_html,"PNAC LAB-285 Karachi | LAB-347 Lahore ISO 9001 ISO 14001 Contact +92 310 2288801 +92 315 2006074 +92 42 32296099 info@envitechal.com Karachi Office First Floor, 345, Street 15, Bahadurabad Block 3, Bahadur Yar Jang CHS, Karachi, Sindh 75900, Pakistan Lahore Office 87-E Madina Heights, Office A/30-31, 8th Floor, Maulana Shaukat Ali Road, Johar Town, Lahore, Punjab, Pakistan Services Analytical Lab Services Water Testing Services Wastewater Testing Air Monitoring Equipment Calibration Environmenta",primary-source bounded,moderate,KEEP_REVIEWED,Karachi PNAC LAB-285 and Lahore PNAC LAB-347 are location- and scope-specific.
https://envitechal.com/ambient-air-monitoring-services/,rendered_html,Who needs this Industrial plants Construction projects Hospitals and hotels Commercial facilities Project consultants EHS teams What is covered Ambient air monitoring plan Field measurement coordination Particulate matter indicators Gaseous indicators Site observations Compliance reporting support Report use cases Baseline environmental monitoring SEPA or Punjab EPA documentation Construction project monitoring Buyer audit evidence Internal EHS review Corrective action tracking Related pages SEQ,primary-source bounded,moderate,KEEP_REVIEWED,Karachi PNAC LAB-285 and Lahore PNAC LAB-347 are location- and scope-specific.
https://envitechal.com/ambient-air-monitoring-services/,rendered_html,"PNAC LAB-285 Karachi | LAB-347 Lahore ISO 9001 ISO 14001 Contact +92 310 2288801 +92 315 2006074 +92 42 32296099 info@envitechal.com Karachi Office First Floor, 345, Street 15, Bahadurabad Block 3, Bahadur Yar Jang CHS, Karachi, Sindh 75900, Pakistan Lahore Office 87-E Madina Heights, Office A/30-31, 8th Floor, Maulana Shaukat Ali Road, Johar Town, Lahore, Punjab, Pakistan Services Analytical Lab Services Water Testing Services Wastewater Testing Air Monitoring Equipment Calibration Environmenta",primary-source bounded,moderate,KEEP_REVIEWED,Karachi PNAC LAB-285 and Lahore PNAC LAB-347 are location- and scope-specific.
https://envitechal.com/ambient-air-quality-monitoring-pakistan/,rendered_html,"PNAC LAB-285 Karachi | LAB-347 Lahore ISO 9001 ISO 14001 Contact +92 310 2288801 +92 315 2006074 +92 42 32296099 info@envitechal.com Karachi Office First Floor, 345, Street 15, Bahadurabad Block 3, Bahadur Yar Jang CHS, Karachi, Sindh 75900, Pakistan Lahore Office 87-E Madina Heights, Office A/30-31, 8th Floor, Maulana Shaukat Ali Road, Johar Town, Lahore, Punjab, Pakistan Services Analytical Lab Services Water Testing Services Wastewater Testing Air Monitoring Equipment Calibration Environmenta",primary-source bounded,moderate,KEEP_REVIEWED,Karachi PNAC LAB-285 and Lahore PNAC LAB-347 are location- and scope-specific.
https://envitechal.com/blognewsupdates/,rendered_html,"Environmental testing lab Environmental Accredited Testing Laboratory Guide Guidance on environmental testing lab services, sampling scope, compliance evidence, and practical reporting for Karachi, Lahore, and Pakistan.",requires adjudication,high,SCOPE,Karachi PNAC LAB-285 and Lahore PNAC LAB-347 are location- and scope-specific.
https://envitechal.com/blognewsupdates/,rendered_html,"July 16, 2026 Read article Compliance Sindh EPA vs Punjab EPA: NOC and Approvals Compared Guidance for EPA NOC, compliance documents, audit preparation, and regulatory decisions that need defensible evidence.",primary-source bounded,moderate,KEEP_REVIEWED,Karachi PNAC LAB-285 and Lahore PNAC LAB-347 are location- and scope-specific.
https://envitechal.com/blognewsupdates/,rendered_html,"July 3, 2026 Read article Compliance Environmental Monitoring Report (EMR/EMP) | Sindh EPA Guide Guidance for EPA NOC, compliance documents, audit preparation, and regulatory decisions that need defensible evidence.",primary-source bounded,moderate,KEEP_REVIEWED,Karachi PNAC LAB-285 and Lahore PNAC LAB-347 are location- and scope-specific.
https://envitechal.com/blognewsupdates/,rendered_html,"PNAC LAB-285 Karachi | LAB-347 Lahore ISO 9001 ISO 14001 Contact +92 310 2288801 +92 315 2006074 +92 42 32296099 info@envitechal.com Karachi Office First Floor, 345, Street 15, Bahadurabad Block 3, Bahadur Yar Jang CHS, Karachi, Sindh 75900, Pakistan Lahore Office 87-E Madina Heights, Office A/30-31, 8th Floor, Maulana Shaukat Ali Road, Johar Town, Lahore, Punjab, Pakistan Services Analytical Lab Services Water Testing Services Wastewater Testing Air Monitoring Equipment Calibration Environmenta",primary-source bounded,moderate,KEEP_REVIEWED,Karachi PNAC LAB-285 and Lahore PNAC LAB-347 are location- and scope-specific.
https://envitechal.com/careers-at-envi-tech-al/,rendered_html,"PNAC LAB-285 Karachi | LAB-347 Lahore ISO 9001 ISO 14001 Contact +92 310 2288801 +92 315 2006074 +92 42 32296099 info@envitechal.com Karachi Office First Floor, 345, Street 15, Bahadurabad Block 3, Bahadur Yar Jang CHS, Karachi, Sindh 75900, Pakistan Lahore Office 87-E Madina Heights, Office A/30-31, 8th Floor, Maulana Shaukat Ali Road, Johar Town, Lahore, Punjab, Pakistan Services Analytical Lab Services Water Testing Services Wastewater Testing Air Monitoring Equipment Calibration Environmenta",primary-source bounded,moderate,KEEP_REVIEWED,Karachi PNAC LAB-285 and Lahore PNAC LAB-347 are location- and scope-specific.
https://envitechal.com/contact-us-envi-tech-al/,rendered_html,"PNAC LAB-285 Karachi | LAB-347 Lahore ISO 9001 ISO 14001 Contact +92 310 2288801 +92 315 2006074 +92 42 32296099 info@envitechal.com Karachi Office First Floor, 345, Street 15, Bahadurabad Block 3, Bahadur Yar Jang CHS, Karachi, Sindh 75900, Pakistan Lahore Office 87-E Madina Heights, Office A/30-31, 8th Floor, Maulana Shaukat Ali Road, Johar Town, Lahore, Punjab, Pakistan Services Analytical Lab Services Water Testing Services Wastewater Testing Air Monitoring Equipment Calibration Environmenta",primary-source bounded,moderate,KEEP_REVIEWED,Karachi PNAC LAB-285 and Lahore PNAC LAB-347 are location- and scope-specific.
https://envitechal.com/downloads/,rendered_html,"Access Envi Tech AL certificates, environmental laws, Sindh EPA resources, national compliance documents, and Pakistan Accord references for audit planning and regulatory review.",primary-source bounded,moderate,KEEP_REVIEWED,Karachi PNAC LAB-285 and Lahore PNAC LAB-347 are location- and scope-specific.
https://envitechal.com/downloads/,rendered_html,5 Certifications and accreditations ISO 9001:2015 Certificate PDF ISO 14001:2015 Certificate PDF Sindh EPA published document — confirm current status PDF Punjab EPA Certificate 2025–2028 (official source) PDF PNAC active testing-laboratory register — LAB-285 Karachi and LAB-347 Lahore PDF 9 Sindh environmental laws SEQS compliance guide PDF EIA / IEE Regulations 2021 PDF Environmental Samples Rules 2014 PDF Hazardous Substance Rules 2014 PDF SEQS 2016 PDF Sindh Environmental Protection Act 2014,primary-source bounded,moderate,KEEP_REVIEWED,Karachi PNAC LAB-285 and Lahore PNAC LAB-347 are location- and scope-specific.
https://envitechal.com/downloads/,rendered_html,"PNAC LAB-285 Karachi | LAB-347 Lahore ISO 9001 ISO 14001 Contact +92 310 2288801 +92 315 2006074 +92 42 32296099 info@envitechal.com Karachi Office First Floor, 345, Street 15, Bahadurabad Block 3, Bahadur Yar Jang CHS, Karachi, Sindh 75900, Pakistan Lahore Office 87-E Madina Heights, Office A/30-31, 8th Floor, Maulana Shaukat Ali Road, Johar Town, Lahore, Punjab, Pakistan Services Analytical Lab Services Water Testing Services Wastewater Testing Air Monitoring Equipment Calibration Environmenta",primary-source bounded,moderate,KEEP_REVIEWED,Karachi PNAC LAB-285 and Lahore PNAC LAB-347 are location- and scope-specific.
https://envitechal.com/drinking-water-testing-lab/,rendered_html,"PNAC LAB-285 Karachi | LAB-347 Lahore ISO 9001 ISO 14001 Contact +92 310 2288801 +92 315 2006074 +92 42 32296099 info@envitechal.com Karachi Office First Floor, 345, Street 15, Bahadurabad Block 3, Bahadur Yar Jang CHS, Karachi, Sindh 75900, Pakistan Lahore Office 87-E Madina Heights, Office A/30-31, 8th Floor, Maulana Shaukat Ali Road, Johar Town, Lahore, Punjab, Pakistan Services Analytical Lab Services Water Testing Services Wastewater Testing Air Monitoring Equipment Calibration Environmenta",primary-source bounded,moderate,KEEP_REVIEWED,Karachi PNAC LAB-285 and Lahore PNAC LAB-347 are location- and scope-specific.
https://envitechal.com/emp-emr-iee-eia-compliance/,rendered_html,"EMP, EMR, IEE, EIA & EPA Compliance Support | Envi Tech AL Skip to content Envi Tech AL Menu Menu Home About About Us Knowledge Hub Clients FAQ Lahore Office Our Services Environmental Consultancy Certification Advisory Technical Advisory Analytical Lab Services Water Testing Services Equipment Calibration Environmental Advisory Ballast Water Testing Services Thermal Imaging Inspection Downloads Contact Us Careers Verify Report Compliance documentation EMP, EMR, IEE, EIA, SEPA & Punjab EPA Compl",primary-source bounded,moderate,KEEP_REVIEWED,Karachi PNAC LAB-285 and Lahore PNAC LAB-347 are location- and scope-specific.
https://envitechal.com/emp-emr-iee-eia-compliance/,rendered_html,"Karachi environmental lab Lahore environmental lab Service summary EMP, EMR, IEE, EIA, SEPA & Punjab EPA Compliance Support Envi Tech AL supports environmental documentation and consultancy pathways for EMP, EMR, IEE, EIA, SEPA, Punjab EPA, project approvals, audits, monitoring plans, and corrective action follow-up.",primary-source bounded,moderate,KEEP_REVIEWED,Karachi PNAC LAB-285 and Lahore PNAC LAB-347 are location- and scope-specific.
https://envitechal.com/emp-emr-iee-eia-compliance/,rendered_html,Who needs this New projects Operating facilities Construction and real estate teams Factories and exporters Hospitals and hotels Consultants and contractors What is covered IEE and EIA support EMP and EMR planning Monitoring plan alignment SEPA coordination support Punjab EPA support Corrective action documentation Report use cases Project approvals Regulatory submissions Operational compliance Buyer audit response Annual or quarterly reporting Corrective action closure Related pages Environment,primary-source bounded,moderate,KEEP_REVIEWED,Karachi PNAC LAB-285 and Lahore PNAC LAB-347 are location- and scope-specific.
https://envitechal.com/emp-emr-iee-eia-compliance/,rendered_html,Do you support SEPA and Punjab EPA requirements?,primary-source bounded,moderate,KEEP_REVIEWED,Karachi PNAC LAB-285 and Lahore PNAC LAB-347 are location- and scope-specific.
https://envitechal.com/emp-emr-iee-eia-compliance/,rendered_html,"PNAC LAB-285 Karachi | LAB-347 Lahore ISO 9001 ISO 14001 Contact +92 310 2288801 +92 315 2006074 +92 42 32296099 info@envitechal.com Karachi Office First Floor, 345, Street 15, Bahadurabad Block 3, Bahadur Yar Jang CHS, Karachi, Sindh 75900, Pakistan Lahore Office 87-E Madina Heights, Office A/30-31, 8th Floor, Maulana Shaukat Ali Road, Johar Town, Lahore, Punjab, Pakistan Services Analytical Lab Services Water Testing Services Wastewater Testing Air Monitoring Equipment Calibration Environmenta",primary-source bounded,moderate,KEEP_REVIEWED,Karachi PNAC LAB-285 and Lahore PNAC LAB-347 are location- and scope-specific.
https://envitechal.com/environmental-consultancy-karachi-guide/,rendered_html,"Transparency International Pakistan +1 Key Benefits of Hiring an Environmental Consultant in Karachi For someone without technical background, here are concrete benefits: Benefit What That Means for You Legal compliance Avoid fines or shutdowns by meeting SEPA / Sindh EPA / other regulatory requirements.",primary-source bounded,moderate,KEEP_REVIEWED,Karachi PNAC LAB-285 and Lahore PNAC LAB-347 are location- and scope-specific.
https://envitechal.com/environmental-consultancy-karachi-guide/,rendered_html,"What to Look for in an Environmental Consultancy Firm When choosing a consultancy in Karachi / Sindh, check for: Experience & Credentials Past projects in Karachi or Sindh Approved by SEPA or Sindh EPA Certifications (e.g.",primary-source bounded,moderate,KEEP_REVIEWED,Karachi PNAC LAB-285 and Lahore PNAC LAB-347 are location- and scope-specific.
https://envitechal.com/environmental-consultancy-karachi-guide/,rendered_html,"Regulations, Policies & Supporting Documents To better understand what environmental consultant will rely on, or what rules you may need to follow, here are important external / internal resources: Sindh Environmental Protection Agency (SEPA / Sindh EPA): Regulatory body for environmental standards, permits.",primary-source bounded,moderate,KEEP_REVIEWED,Karachi PNAC LAB-285 and Lahore PNAC LAB-347 are location- and scope-specific.
https://envitechal.com/environmental-consultancy-karachi-guide/,rendered_html,"PNAC LAB-285 Karachi | LAB-347 Lahore ISO 9001 ISO 14001 Contact +92 310 2288801 +92 315 2006074 +92 42 32296099 info@envitechal.com Karachi Office First Floor, 345, Street 15, Bahadurabad Block 3, Bahadur Yar Jang CHS, Karachi, Sindh 75900, Pakistan Lahore Office 87-E Madina Heights, Office A/30-31, 8th Floor, Maulana Shaukat Ali Road, Johar Town, Lahore, Punjab, Pakistan Services Analytical Lab Services Water Testing Services Wastewater Testing Air Monitoring Equipment Calibration Environmenta",primary-source bounded,moderate,KEEP_REVIEWED,Karachi PNAC LAB-285 and Lahore PNAC LAB-347 are location- and scope-specific.
https://envitechal.com/environmental-monitoring-report-emr-emp-sindh-epa/,rendered_html,Environmental Monitoring Report (EMR/EMP) | Sindh EPA Guide Skip to content Envi Tech AL Menu Menu Home About About Us Knowledge Hub Clients FAQ Lahore Office Our Services Environmental Consultancy Certification Advisory Technical Advisory Analytical Lab Services Water Testing Services Equipment Calibration Environmental Advisory Ballast Water Testing Services Thermal Imaging Inspection Downloads Contact Us Careers Verify Report Compliance Environmental Monitoring Report (EMR/EMP) | Sindh EPA Gu,primary-source bounded,moderate,KEEP_REVIEWED,Karachi PNAC LAB-285 and Lahore PNAC LAB-347 are location- and scope-specific.
https://envitechal.com/environmental-monitoring-report-emr-emp-sindh-epa/,rendered_html,"For Sindh EPA, the report should not read like a generic lab attachment.",primary-source bounded,moderate,KEEP_REVIEWED,Karachi PNAC LAB-285 and Lahore PNAC LAB-347 are location- and scope-specific.
https://envitechal.com/environmental-monitoring-report-emr-emp-sindh-epa/,rendered_html,"This guide explains what a strong EMR/EMP report should contain, which parameters are commonly reviewed, how to prepare the report for Sindh EPA or buyer audits, and when Envi Tech AL can support field monitoring, laboratory testing, reporting, and compliance follow-up.",primary-source bounded,moderate,KEEP_REVIEWED,Karachi PNAC LAB-285 and Lahore PNAC LAB-347 are location- and scope-specific.
https://envitechal.com/environmental-monitoring-report-emr-emp-sindh-epa/,rendered_html,"Sindh EPA support EMP and NOC renewals Sampling and lab evidence Karachi and Lahore coordination What an Environmental Monitoring Report must prove A premium EMR is built around proof, not filler.",primary-source bounded,moderate,KEEP_REVIEWED,Karachi PNAC LAB-285 and Lahore PNAC LAB-347 are location- and scope-specific.
https://envitechal.com/environmental-monitoring-report-emr-emp-sindh-epa/,rendered_html,"Core contents of a Sindh EPA-ready EMR/EMP report The exact structure depends on the project, but a strong Environmental Monitoring Report normally includes the sections below.",primary-source bounded,moderate,KEEP_REVIEWED,Karachi PNAC LAB-285 and Lahore PNAC LAB-347 are location- and scope-specific.
https://envitechal.com/environmental-monitoring-report-emr-emp-sindh-epa/,rendered_html,Accreditation applies only where the exact work matches Karachi LAB-285 or Lahore LAB-347.,primary-source bounded,moderate,KEEP_REVIEWED,Karachi PNAC LAB-285 and Lahore PNAC LAB-347 are location- and scope-specific.
https://envitechal.com/environmental-monitoring-report-emr-emp-sindh-epa/,rendered_html,When is an EMR needed for Sindh EPA?,primary-source bounded,moderate,KEEP_REVIEWED,Karachi PNAC LAB-285 and Lahore PNAC LAB-347 are location- and scope-specific.
https://envitechal.com/environmental-monitoring-report-emr-emp-sindh-epa/,rendered_html,"PNAC LAB-285 Karachi | LAB-347 Lahore ISO 9001 ISO 14001 Contact +92 310 2288801 +92 315 2006074 +92 42 32296099 info@envitechal.com Karachi Office First Floor, 345, Street 15, Bahadurabad Block 3, Bahadur Yar Jang CHS, Karachi, Sindh 75900, Pakistan Lahore Office 87-E Madina Heights, Office A/30-31, 8th Floor, Maulana Shaukat Ali Road, Johar Town, Lahore, Punjab, Pakistan Services Analytical Lab Services Water Testing Services Wastewater Testing Air Monitoring Equipment Calibration Environmenta",primary-source bounded,moderate,KEEP_REVIEWED,Karachi PNAC LAB-285 and Lahore PNAC LAB-347 are location- and scope-specific.
https://envitechal.com/environmental-testing-faqs-pakistan/,rendered_html,Can wastewater reports support SEPA or Punjab EPA submissions?,primary-source bounded,moderate,KEEP_REVIEWED,Karachi PNAC LAB-285 and Lahore PNAC LAB-347 are location- and scope-specific.
https://envitechal.com/environmental-testing-faqs-pakistan/,rendered_html,"Envi Tech AL can support testing, monitoring, documentation and advisory pathways relevant to Sindh EPA requirements.",primary-source bounded,moderate,KEEP_REVIEWED,Karachi PNAC LAB-285 and Lahore PNAC LAB-347 are location- and scope-specific.
https://envitechal.com/environmental-testing-faqs-pakistan/,rendered_html,Can Envi Tech AL support Punjab EPA requirements?,primary-source bounded,moderate,KEEP_REVIEWED,Karachi PNAC LAB-285 and Lahore PNAC LAB-347 are location- and scope-specific.
https://envitechal.com/environmental-testing-faqs-pakistan/,rendered_html,"Lahore and Punjab clients can request testing, monitoring and consultancy support for Punjab EPA-related needs.",primary-source bounded,moderate,KEEP_REVIEWED,Karachi PNAC LAB-285 and Lahore PNAC LAB-347 are location- and scope-specific.
https://envitechal.com/environmental-testing-faqs-pakistan/,rendered_html,"PNAC LAB-285 Karachi | LAB-347 Lahore ISO 9001 ISO 14001 Contact +92 310 2288801 +92 315 2006074 +92 42 32296099 info@envitechal.com Karachi Office First Floor, 345, Street 15, Bahadurabad Block 3, Bahadur Yar Jang CHS, Karachi, Sindh 75900, Pakistan Lahore Office 87-E Madina Heights, Office A/30-31, 8th Floor, Maulana Shaukat Ali Road, Johar Town, Lahore, Punjab, Pakistan Services Analytical Lab Services Water Testing Services Wastewater Testing Air Monitoring Equipment Calibration Environmenta",primary-source bounded,moderate,KEEP_REVIEWED,Karachi PNAC LAB-285 and Lahore PNAC LAB-347 are location- and scope-specific.
https://envitechal.com/gaseous-air-emission-testing-lab-near-me/,rendered_html,"Karachi facilities normally require alignment with SEQS and Sindh EPA expectations, while Lahore and Punjab facilities require alignment with PEQS and Punjab EPA expectations.",primary-source bounded,moderate,KEEP_REVIEWED,Karachi PNAC LAB-285 and Lahore PNAC LAB-347 are location- and scope-specific.
https://envitechal.com/gaseous-air-emission-testing-lab-near-me/,rendered_html,Framework Full name Where it applies Why it matters SEQS Sindh Environmental Quality Standards Karachi and other Sindh facilities Used for industrial gaseous emission compliance and Sindh EPA reporting.,primary-source bounded,moderate,KEEP_REVIEWED,Karachi PNAC LAB-285 and Lahore PNAC LAB-347 are location- and scope-specific.
https://envitechal.com/gaseous-air-emission-testing-lab-near-me/,rendered_html,PEQS Punjab Environmental Quality Standards Lahore and Punjab facilities Used for industrial gaseous emission compliance and Punjab EPA reporting.,primary-source bounded,moderate,KEEP_REVIEWED,Karachi PNAC LAB-285 and Lahore PNAC LAB-347 are location- and scope-specific.
https://envitechal.com/gaseous-air-emission-testing-lab-near-me/,rendered_html,"For authority references, users may review the Punjab EPA PEQS resources , PNAC , Pakistan EPA , and the ISO/IEC 17025 laboratory competence standard .",requires adjudication,high,SCOPE,Karachi PNAC LAB-285 and Lahore PNAC LAB-347 are location- and scope-specific.
https://envitechal.com/gaseous-air-emission-testing-lab-near-me/,rendered_html,"PNAC LAB-285 Karachi | LAB-347 Lahore ISO 9001 ISO 14001 Contact +92 310 2288801 +92 315 2006074 +92 42 32296099 info@envitechal.com Karachi Office First Floor, 345, Street 15, Bahadurabad Block 3, Bahadur Yar Jang CHS, Karachi, Sindh 75900, Pakistan Lahore Office 87-E Madina Heights, Office A/30-31, 8th Floor, Maulana Shaukat Ali Road, Johar Town, Lahore, Punjab, Pakistan Services Analytical Lab Services Water Testing Services Wastewater Testing Air Monitoring Equipment Calibration Environmenta",primary-source bounded,moderate,KEEP_REVIEWED,Karachi PNAC LAB-285 and Lahore PNAC LAB-347 are location- and scope-specific.
https://envitechal.com/how-to-choose-the-suitable-environmental-lab/,rendered_html,Accreditation and Certifications Certifications and accreditation are essential considerations when selecting an environmental laboratory .,requires adjudication,high,SCOPE,Karachi PNAC LAB-285 and Lahore PNAC LAB-347 are location- and scope-specific.
https://envitechal.com/how-to-choose-the-suitable-environmental-lab/,rendered_html,"For Pakistan work, verify the laboratory directly in the current PNAC register and compare the requested location, matrix, parameter, method, and range with the applicable published scope.",requires adjudication,high,SCOPE,Karachi PNAC LAB-285 and Lahore PNAC LAB-347 are location- and scope-specific.
https://envitechal.com/how-to-choose-the-suitable-environmental-lab/,rendered_html,"PNAC LAB-285 Karachi | LAB-347 Lahore ISO 9001 ISO 14001 Contact +92 310 2288801 +92 315 2006074 +92 42 32296099 info@envitechal.com Karachi Office First Floor, 345, Street 15, Bahadurabad Block 3, Bahadur Yar Jang CHS, Karachi, Sindh 75900, Pakistan Lahore Office 87-E Madina Heights, Office A/30-31, 8th Floor, Maulana Shaukat Ali Road, Johar Town, Lahore, Punjab, Pakistan Services Analytical Lab Services Water Testing Services Wastewater Testing Air Monitoring Equipment Calibration Environmenta",primary-source bounded,moderate,KEEP_REVIEWED,Karachi PNAC LAB-285 and Lahore PNAC LAB-347 are location- and scope-specific.
https://envitechal.com/how-to-read-water-test-report-peqs-who/,rendered_html,Envi Tech AL operates location-specific PNAC-accredited permanent laboratories: Karachi LAB-285 and Lahore LAB-347.,primary-source bounded,moderate,KEEP_REVIEWED,Karachi PNAC LAB-285 and Lahore PNAC LAB-347 are location- and scope-specific.
https://envitechal.com/how-to-read-water-test-report-peqs-who/,rendered_html,"Each accreditation applies only to the exact location, matrix, parameter, method, and range combinations in its applicable current published scope.",requires adjudication,high,SCOPE,Karachi PNAC LAB-285 and Lahore PNAC LAB-347 are location- and scope-specific.
https://envitechal.com/how-to-read-water-test-report-peqs-who/,rendered_html,"PNAC LAB-285 Karachi | LAB-347 Lahore ISO 9001 ISO 14001 Contact +92 310 2288801 +92 315 2006074 +92 42 32296099 info@envitechal.com Karachi Office First Floor, 345, Street 15, Bahadurabad Block 3, Bahadur Yar Jang CHS, Karachi, Sindh 75900, Pakistan Lahore Office 87-E Madina Heights, Office A/30-31, 8th Floor, Maulana Shaukat Ali Road, Johar Town, Lahore, Punjab, Pakistan Services Analytical Lab Services Water Testing Services Wastewater Testing Air Monitoring Equipment Calibration Environmenta",primary-source bounded,moderate,KEEP_REVIEWED,Karachi PNAC LAB-285 and Lahore PNAC LAB-347 are location- and scope-specific.
https://envitechal.com/iee-vs-eia-vs-emp-vs-noc-pakistan/,rendered_html,"See Sindh EPA , Sindh EPA public downloads and the federal environment portal .",primary-source bounded,moderate,KEEP_REVIEWED,Karachi PNAC LAB-285 and Lahore PNAC LAB-347 are location- and scope-specific.
https://envitechal.com/iee-vs-eia-vs-emp-vs-noc-pakistan/,rendered_html,Internal Pathways Useful Envi Tech AL resources for approval planning Sindh EPA NOC guide Review the Sindh EPA NOC guide for connected buyer and authority terminology.,primary-source bounded,moderate,KEEP_REVIEWED,Karachi PNAC LAB-285 and Lahore PNAC LAB-347 are location- and scope-specific.
https://envitechal.com/iee-vs-eia-vs-emp-vs-noc-pakistan/,rendered_html,Sindh vs Punjab comparison Compare Sindh EPA and Punjab EPA approval language before copying a file between provinces.,primary-source bounded,moderate,KEEP_REVIEWED,Karachi PNAC LAB-285 and Lahore PNAC LAB-347 are location- and scope-specific.
https://envitechal.com/iee-vs-eia-vs-emp-vs-noc-pakistan/,rendered_html,"Sindh Environmental Protection Agency Visit the Sindh EPA website Sindh EPA public downloads Check Sindh EPA downloads Federal environment portal Review federal environment information FAQ IEE, EIA, EMP and NOC questions buyers ask Is an EMP the same as an EIA?",primary-source bounded,moderate,KEEP_REVIEWED,Karachi PNAC LAB-285 and Lahore PNAC LAB-347 are location- and scope-specific.
https://envitechal.com/iee-vs-eia-vs-emp-vs-noc-pakistan/,rendered_html,Regulatory orientation was checked against public Sindh EPA and federal environment information on 3 August 2026.,primary-source bounded,moderate,KEEP_REVIEWED,Karachi PNAC LAB-285 and Lahore PNAC LAB-347 are location- and scope-specific.
https://envitechal.com/iee-vs-eia-vs-emp-vs-noc-pakistan/,rendered_html,"PNAC LAB-285 Karachi | LAB-347 Lahore ISO 9001 ISO 14001 Contact +92 310 2288801 +92 315 2006074 +92 42 32296099 info@envitechal.com Karachi Office First Floor, 345, Street 15, Bahadurabad Block 3, Bahadur Yar Jang CHS, Karachi, Sindh 75900, Pakistan Lahore Office 87-E Madina Heights, Office A/30-31, 8th Floor, Maulana Shaukat Ali Road, Johar Town, Lahore, Punjab, Pakistan Services Analytical Lab Services Water Testing Services Wastewater Testing Air Monitoring Equipment Calibration Environmenta",primary-source bounded,moderate,KEEP_REVIEWED,Karachi PNAC LAB-285 and Lahore PNAC LAB-347 are location- and scope-specific.
https://envitechal.com/industrial-hygiene-monitoring/,rendered_html,"PNAC LAB-285 Karachi | LAB-347 Lahore ISO 9001 ISO 14001 Contact +92 310 2288801 +92 315 2006074 +92 42 32296099 info@envitechal.com Karachi Office First Floor, 345, Street 15, Bahadurabad Block 3, Bahadur Yar Jang CHS, Karachi, Sindh 75900, Pakistan Lahore Office 87-E Madina Heights, Office A/30-31, 8th Floor, Maulana Shaukat Ali Road, Johar Town, Lahore, Punjab, Pakistan Services Analytical Lab Services Water Testing Services Wastewater Testing Air Monitoring Equipment Calibration Environmenta",primary-source bounded,moderate,KEEP_REVIEWED,Karachi PNAC LAB-285 and Lahore PNAC LAB-347 are location- and scope-specific.
https://envitechal.com/iso-17025-accredited-lab-pakistan/,rendered_html,Environmental Accredited Testing Laboratory Guide | Envi Tech AL Skip to content Envi Tech AL Menu Menu Home About About Us Knowledge Hub Clients FAQ Lahore Office Our Services Environmental Consultancy Certification Advisory Technical Advisory Analytical Lab Services Water Testing Services Equipment Calibration Environmental Advisory Ballast Water Testing Services Thermal Imaging Inspection Downloads Contact Us Careers Verify Report Environmental testing lab Environmental Accredited Testing Lab,requires adjudication,high,SCOPE,Karachi PNAC LAB-285 and Lahore PNAC LAB-347 are location- and scope-specific.
https://envitechal.com/iso-17025-accredited-lab-pakistan/,rendered_html,"ISO/IEC 17025 accreditation should still be checked against the exact scope, method, location and sample matrix before anyone relies on the report.",requires adjudication,high,SCOPE,Karachi PNAC LAB-285 and Lahore PNAC LAB-347 are location- and scope-specific.
https://envitechal.com/iso-17025-accredited-lab-pakistan/,rendered_html,"Buy the right evidence trail: current accreditation proof, parameter scope, defensible sampling, traceable reporting and a plain explanation of what the result can and cannot prove.",requires adjudication,high,SCOPE,Karachi PNAC LAB-285 and Lahore PNAC LAB-347 are location- and scope-specific.
https://envitechal.com/iso-17025-accredited-lab-pakistan/,rendered_html,"In this guide Key takeaways Scope check Decision matrix How to brief the lab After the report FAQs Key takeaways for audit-ready reporting Scope beats slogans: confirm the parameter, method and matrix, not only the ISO/IEC 17025 certificate name.",primary-source bounded,moderate,KEEP_REVIEWED,Karachi PNAC LAB-285 and Lahore PNAC LAB-347 are location- and scope-specific.
https://envitechal.com/iso-17025-accredited-lab-pakistan/,rendered_html,"Accredited vs non-accredited is a purpose decision: screening work may be useful, but formal evidence often needs accredited reporting.",requires adjudication,high,SCOPE,Karachi PNAC LAB-285 and Lahore PNAC LAB-347 are location- and scope-specific.
https://envitechal.com/iso-17025-accredited-lab-pakistan/,rendered_html,"Claims must stay cautious: accreditation does not automatically cover every test, every site or every future method revision.",requires adjudication,high,SCOPE,Karachi PNAC LAB-285 and Lahore PNAC LAB-347 are location- and scope-specific.
https://envitechal.com/iso-17025-accredited-lab-pakistan/,rendered_html,"What ISO/IEC 17025 means, and what it does not mean ISO/IEC 17025 is used for testing and calibration laboratory competence.",primary-source bounded,moderate,KEEP_REVIEWED,Karachi PNAC LAB-285 and Lahore PNAC LAB-347 are location- and scope-specific.
https://envitechal.com/iso-17025-accredited-lab-pakistan/,rendered_html,"A laboratory may be accredited for one method, location or matrix and not for another.",requires adjudication,high,SCOPE,Karachi PNAC LAB-285 and Lahore PNAC LAB-347 are location- and scope-specific.
https://envitechal.com/iso-17025-accredited-lab-pakistan/,rendered_html,"That is why a PNAC accredited lab request should always include the intended parameter, sample type, report purpose and any buyer or authority wording that the report must satisfy.",requires adjudication,high,SCOPE,Karachi PNAC LAB-285 and Lahore PNAC LAB-347 are location- and scope-specific.
https://envitechal.com/iso-17025-accredited-lab-pakistan/,rendered_html,"Before confirming a quotation, ask for: Current accreditation evidence and the relevant scope page.",requires adjudication,high,SCOPE,Karachi PNAC LAB-285 and Lahore PNAC LAB-347 are location- and scope-specific.
https://envitechal.com/iso-17025-accredited-lab-pakistan/,rendered_html,Whether the final report will identify accredited and non-accredited items clearly.,requires adjudication,high,SCOPE,Karachi PNAC LAB-285 and Lahore PNAC LAB-347 are location- and scope-specific.
https://envitechal.com/iso-17025-accredited-lab-pakistan/,rendered_html,Accredited vs non-accredited reports: decision matrix How to choose the evidence level before testing Regulator-facing evidence or approval file Preferred route: Accredited reporting where the parameter is within scope; note any exceptions transparently.,requires adjudication,high,SCOPE,Karachi PNAC LAB-285 and Lahore PNAC LAB-347 are location- and scope-specific.
https://envitechal.com/iso-17025-accredited-lab-pakistan/,rendered_html,"Customer, tender or supplier audit Preferred route: Match the buyer wording exactly, then confirm accredited scope before sampling.",requires adjudication,high,SCOPE,Karachi PNAC LAB-285 and Lahore PNAC LAB-347 are location- and scope-specific.
https://envitechal.com/iso-17025-accredited-lab-pakistan/,rendered_html,Internal screening or troubleshooting Preferred route: Non-accredited or screening work may be acceptable if the decision is internal and limited.,requires adjudication,high,SCOPE,Karachi PNAC LAB-285 and Lahore PNAC LAB-347 are location- and scope-specific.
https://envitechal.com/iso-17025-accredited-lab-pakistan/,rendered_html,"For Envi Tech AL, the company facts support careful positioning: ISO/IEC 17025:2017 accreditation, TUV certification, Sindh EPA certification and Punjab EPA certification.",requires adjudication,high,SCOPE,Karachi PNAC LAB-285 and Lahore PNAC LAB-347 are location- and scope-specific.
https://envitechal.com/iso-17025-accredited-lab-pakistan/,rendered_html,"Those facts should not be stretched into claims that every service, branch, parameter or method is automatically inside accredited scope.",requires adjudication,high,SCOPE,Karachi PNAC LAB-285 and Lahore PNAC LAB-347 are location- and scope-specific.
https://envitechal.com/iso-17025-accredited-lab-pakistan/,rendered_html,Mid-article action Need a defensible accredited testing scope?,requires adjudication,high,SCOPE,Karachi PNAC LAB-285 and Lahore PNAC LAB-347 are location- and scope-specific.
https://envitechal.com/iso-17025-accredited-lab-pakistan/,rendered_html,"Why accreditation matters for commercial decisions For procurement teams, why accreditation matters is usually simple: the report may be used outside the technical department.",requires adjudication,high,SCOPE,Karachi PNAC LAB-285 and Lahore PNAC LAB-347 are location- and scope-specific.
https://envitechal.com/iso-17025-accredited-lab-pakistan/,rendered_html,These pages help buyers connect accreditation evidence with the service path they actually need.,requires adjudication,high,SCOPE,Karachi PNAC LAB-285 and Lahore PNAC LAB-347 are location- and scope-specific.
https://envitechal.com/iso-17025-accredited-lab-pakistan/,rendered_html,"Authoritative references used cautiously For public context, compare this guidance with Pakistan National Accreditation Council information , ISO CASCO conformity assessment examples and ISO measurement traceability guidance .",requires adjudication,high,SCOPE,Karachi PNAC LAB-285 and Lahore PNAC LAB-347 are location- and scope-specific.
https://envitechal.com/iso-17025-accredited-lab-pakistan/,rendered_html,Frequently asked questions Is every test from an accredited lab automatically accredited?,requires adjudication,high,SCOPE,Karachi PNAC LAB-285 and Lahore PNAC LAB-347 are location- and scope-specific.
https://envitechal.com/iso-17025-accredited-lab-pakistan/,rendered_html,Accreditation applies to a defined scope.,requires adjudication,high,SCOPE,Karachi PNAC LAB-285 and Lahore PNAC LAB-347 are location- and scope-specific.
https://envitechal.com/iso-17025-accredited-lab-pakistan/,rendered_html,Why do auditors ask for ISO/IEC 17025?,primary-source bounded,moderate,KEEP_REVIEWED,Karachi PNAC LAB-285 and Lahore PNAC LAB-347 are location- and scope-specific.
https://envitechal.com/iso-17025-accredited-lab-pakistan/,rendered_html,Can Envi Tech AL provide accreditation evidence?,requires adjudication,high,SCOPE,Karachi PNAC LAB-285 and Lahore PNAC LAB-347 are location- and scope-specific.
https://envitechal.com/iso-17025-accredited-lab-pakistan/,rendered_html,"Buyers should request current accreditation, certification and scope evidence during quotation or audit preparation.",requires adjudication,high,SCOPE,Karachi PNAC LAB-285 and Lahore PNAC LAB-347 are location- and scope-specific.
https://envitechal.com/iso-17025-accredited-lab-pakistan/,rendered_html,Is a non-accredited report useless?,requires adjudication,high,SCOPE,Karachi PNAC LAB-285 and Lahore PNAC LAB-347 are location- and scope-specific.
https://envitechal.com/iso-17025-accredited-lab-pakistan/,rendered_html,"Close the evidence gap before sampling For a defined accredited testing laboratory scope, quotation or report review, contact Envi Tech AL before the site visit so the right evidence is planned from the start.",requires adjudication,high,SCOPE,Karachi PNAC LAB-285 and Lahore PNAC LAB-347 are location- and scope-specific.
https://envitechal.com/iso-17025-accredited-lab-pakistan/,rendered_html,"PNAC LAB-285 Karachi | LAB-347 Lahore ISO 9001 ISO 14001 Contact +92 310 2288801 +92 315 2006074 +92 42 32296099 info@envitechal.com Karachi Office First Floor, 345, Street 15, Bahadurabad Block 3, Bahadur Yar Jang CHS, Karachi, Sindh 75900, Pakistan Lahore Office 87-E Madina Heights, Office A/30-31, 8th Floor, Maulana Shaukat Ali Road, Johar Town, Lahore, Punjab, Pakistan Services Analytical Lab Services Water Testing Services Wastewater Testing Air Monitoring Equipment Calibration Environmenta",primary-source bounded,moderate,KEEP_REVIEWED,Karachi PNAC LAB-285 and Lahore PNAC LAB-347 are location- and scope-specific.
https://envitechal.com/karachi-environmental-lab/,rendered_html,"+92 310 2288801 +92 315 2006074 info@envitechal.com Sindh EPA / SEPA relevance Location- and method-specific scope checks Karachi field coordination Report verification support Local capability Karachi testing support for regulatory, buyer, and operational decisions Environmental reports are strongest when the scope, parameters, sampling plan, and documentation path match the final use of the result.",primary-source bounded,moderate,KEEP_REVIEWED,Karachi PNAC LAB-285 and Lahore PNAC LAB-347 are location- and scope-specific.
https://envitechal.com/karachi-environmental-lab/,rendered_html,Are reports suitable for Sindh EPA or SEPA compliance work?,primary-source bounded,moderate,KEEP_REVIEWED,Karachi PNAC LAB-285 and Lahore PNAC LAB-347 are location- and scope-specific.
https://envitechal.com/karachi-environmental-lab/,rendered_html,"PNAC LAB-285 Karachi | LAB-347 Lahore ISO 9001 ISO 14001 Contact +92 310 2288801 +92 315 2006074 +92 42 32296099 info@envitechal.com Karachi Office First Floor, 345, Street 15, Bahadurabad Block 3, Bahadur Yar Jang CHS, Karachi, Sindh 75900, Pakistan Lahore Office 87-E Madina Heights, Office A/30-31, 8th Floor, Maulana Shaukat Ali Road, Johar Town, Lahore, Punjab, Pakistan Services Analytical Lab Services Water Testing Services Wastewater Testing Air Monitoring Equipment Calibration Environmenta",primary-source bounded,moderate,KEEP_REVIEWED,Karachi PNAC LAB-285 and Lahore PNAC LAB-347 are location- and scope-specific.
https://envitechal.com/lahore-environmental-lab/,rendered_html,"Envi Tech AL supports Lahore industries, commercial facilities, healthcare institutions, hotels, exporters, and project teams with water testing, environmental monitoring, calibration coordination, and consultancy guidance for Punjab EPA-related requirements.",primary-source bounded,moderate,KEEP_REVIEWED,Karachi PNAC LAB-285 and Lahore PNAC LAB-347 are location- and scope-specific.
https://envitechal.com/lahore-environmental-lab/,rendered_html,"+92 42 32296099 info@envitechal.com Punjab EPA-related support Water and wastewater testing Field monitoring coordination Consultancy and documentation Local capability A Lahore environmental partner for decisions that need credible evidence The right lab and consultancy partner should help you define the requirement, collect the right data, and prepare documentation that can support inspections, approvals, audits, and internal decisions.",primary-source bounded,moderate,KEEP_REVIEWED,Karachi PNAC LAB-285 and Lahore PNAC LAB-347 are location- and scope-specific.
https://envitechal.com/lahore-environmental-lab/,rendered_html,"The Lahore page is designed for customers who are searching for an environmental lab in Lahore, water testing lab in Lahore, environmental consultancy in Lahore, or Punjab EPA compliance support and need a clear route to the right scope.",primary-source bounded,moderate,KEEP_REVIEWED,Karachi PNAC LAB-285 and Lahore PNAC LAB-347 are location- and scope-specific.
https://envitechal.com/lahore-environmental-lab/,rendered_html,"water testing laboratory Environmental consultancy IEE, EIA, EMP, EMR, environmental audits, Punjab EPA coordination, and documentation support for projects, factories, institutions, and commercial facilities.",primary-source bounded,moderate,KEEP_REVIEWED,Karachi PNAC LAB-285 and Lahore PNAC LAB-347 are location- and scope-specific.
https://envitechal.com/lahore-environmental-lab/,rendered_html,"01 Clarify the Lahore requirement Confirm whether the work is for Punjab EPA, buyer audit, internal control, tender documentation, factory approval, or troubleshooting.",primary-source bounded,moderate,KEEP_REVIEWED,Karachi PNAC LAB-285 and Lahore PNAC LAB-347 are location- and scope-specific.
https://envitechal.com/lahore-environmental-lab/,rendered_html,Do you support Punjab EPA related work?,primary-source bounded,moderate,KEEP_REVIEWED,Karachi PNAC LAB-285 and Lahore PNAC LAB-347 are location- and scope-specific.
https://envitechal.com/lahore-environmental-lab/,rendered_html,"PNAC LAB-285 Karachi | LAB-347 Lahore ISO 9001 ISO 14001 Contact +92 310 2288801 +92 315 2006074 +92 42 32296099 info@envitechal.com Karachi Office First Floor, 345, Street 15, Bahadurabad Block 3, Bahadur Yar Jang CHS, Karachi, Sindh 75900, Pakistan Lahore Office 87-E Madina Heights, Office A/30-31, 8th Floor, Maulana Shaukat Ali Road, Johar Town, Lahore, Punjab, Pakistan Services Analytical Lab Services Water Testing Services Wastewater Testing Air Monitoring Equipment Calibration Environmenta",primary-source bounded,moderate,KEEP_REVIEWED,Karachi PNAC LAB-285 and Lahore PNAC LAB-347 are location- and scope-specific.
https://envitechal.com/maritime-environmental-testing/,rendered_html,"PNAC LAB-285 Karachi | LAB-347 Lahore ISO 9001 ISO 14001 Contact +92 310 2288801 +92 315 2006074 +92 42 32296099 info@envitechal.com Karachi Office First Floor, 345, Street 15, Bahadurabad Block 3, Bahadur Yar Jang CHS, Karachi, Sindh 75900, Pakistan Lahore Office 87-E Madina Heights, Office A/30-31, 8th Floor, Maulana Shaukat Ali Road, Johar Town, Lahore, Punjab, Pakistan Services Analytical Lab Services Water Testing Services Wastewater Testing Air Monitoring Equipment Calibration Environmenta",primary-source bounded,moderate,KEEP_REVIEWED,Karachi PNAC LAB-285 and Lahore PNAC LAB-347 are location- and scope-specific.
https://envitechal.com/noise-level-monitoring-industrial-workplace/,rendered_html,"Useful internal references For connected service context, review analytical laboratory services , Environmental Monitoring Report Emr Emp Sindh Epa , environmental consultancy support .",primary-source bounded,moderate,KEEP_REVIEWED,Karachi PNAC LAB-285 and Lahore PNAC LAB-347 are location- and scope-specific.
https://envitechal.com/noise-level-monitoring-industrial-workplace/,rendered_html,"Authoritative references used cautiously For public context, compare this article with Sindh Environmental Protection Agency and Sindh EPA public downloads and WHO water, sanitation and health guidance and WHO water, sanitation and hygiene topic page .",primary-source bounded,moderate,KEEP_REVIEWED,Karachi PNAC LAB-285 and Lahore PNAC LAB-347 are location- and scope-specific.
https://envitechal.com/noise-level-monitoring-industrial-workplace/,rendered_html,"PNAC LAB-285 Karachi | LAB-347 Lahore ISO 9001 ISO 14001 Contact +92 310 2288801 +92 315 2006074 +92 42 32296099 info@envitechal.com Karachi Office First Floor, 345, Street 15, Bahadurabad Block 3, Bahadur Yar Jang CHS, Karachi, Sindh 75900, Pakistan Lahore Office 87-E Madina Heights, Office A/30-31, 8th Floor, Maulana Shaukat Ali Road, Johar Town, Lahore, Punjab, Pakistan Services Analytical Lab Services Water Testing Services Wastewater Testing Air Monitoring Equipment Calibration Environmenta",primary-source bounded,moderate,KEEP_REVIEWED,Karachi PNAC LAB-285 and Lahore PNAC LAB-347 are location- and scope-specific.
https://envitechal.com/noise-monitoring-dosimetry/,rendered_html,"PNAC LAB-285 Karachi | LAB-347 Lahore ISO 9001 ISO 14001 Contact +92 310 2288801 +92 315 2006074 +92 42 32296099 info@envitechal.com Karachi Office First Floor, 345, Street 15, Bahadurabad Block 3, Bahadur Yar Jang CHS, Karachi, Sindh 75900, Pakistan Lahore Office 87-E Madina Heights, Office A/30-31, 8th Floor, Maulana Shaukat Ali Road, Johar Town, Lahore, Punjab, Pakistan Services Analytical Lab Services Water Testing Services Wastewater Testing Air Monitoring Equipment Calibration Environmenta",primary-source bounded,moderate,KEEP_REVIEWED,Karachi PNAC LAB-285 and Lahore PNAC LAB-347 are location- and scope-specific.
https://envitechal.com/ourclients/,rendered_html,"PNAC LAB-285 Karachi | LAB-347 Lahore ISO 9001 ISO 14001 Contact +92 310 2288801 +92 315 2006074 +92 42 32296099 info@envitechal.com Karachi Office First Floor, 345, Street 15, Bahadurabad Block 3, Bahadur Yar Jang CHS, Karachi, Sindh 75900, Pakistan Lahore Office 87-E Madina Heights, Office A/30-31, 8th Floor, Maulana Shaukat Ali Road, Johar Town, Lahore, Punjab, Pakistan Services Analytical Lab Services Water Testing Services Wastewater Testing Air Monitoring Equipment Calibration Environmenta",primary-source bounded,moderate,KEEP_REVIEWED,Karachi PNAC LAB-285 and Lahore PNAC LAB-347 are location- and scope-specific.
https://envitechal.com/ppwr-heavy-metal-testing-packaging-pakistan/,rendered_html,"Published 21 July 2026 Verified 26 July 2026 Regulation (EU) 2025/40 Pb + Cd + Hg + Cr(VI) Karachi & Lahore Support ISO/IEC 17025 Scope Check Request a PPWR Scope Review See Sample Plan 100 mg/kg combined limit for lead, cadmium, mercury and hexavalent chromium in packaging or packaging components.",primary-source bounded,moderate,KEEP_REVIEWED,Karachi PNAC LAB-285 and Lahore PNAC LAB-347 are location- and scope-specific.
https://envitechal.com/ppwr-heavy-metal-testing-packaging-pakistan/,rendered_html,Confirm accredited scope before final reporting.,requires adjudication,high,SCOPE,Karachi PNAC LAB-285 and Lahore PNAC LAB-347 are location- and scope-specific.
https://envitechal.com/ppwr-heavy-metal-testing-packaging-pakistan/,rendered_html,The exact test method and accreditation scope must be confirmed for each material and parameter.,requires adjudication,high,SCOPE,Karachi PNAC LAB-285 and Lahore PNAC LAB-347 are location- and scope-specific.
https://envitechal.com/ppwr-heavy-metal-testing-packaging-pakistan/,rendered_html,"Envi Tech AL can support exporters by mapping the packaging inventory, planning representative samples, checking whether the exact method and material matrix are within a laboratory’s current ISO/IEC 17025 scope, coordinating the suitable testing route and organising the resulting evidence for buyer or importer review.",primary-source bounded,moderate,KEEP_REVIEWED,Karachi PNAC LAB-285 and Lahore PNAC LAB-347 are location- and scope-specific.
https://envitechal.com/ppwr-heavy-metal-testing-packaging-pakistan/,rendered_html,Confirm accredited scope before testing The report should clearly show whether each parameter and sample matrix is covered under the lab’s ISO/IEC 17025 accredited scope.,requires adjudication,high,SCOPE,Karachi PNAC LAB-285 and Lahore PNAC LAB-347 are location- and scope-specific.
https://envitechal.com/ppwr-heavy-metal-testing-packaging-pakistan/,rendered_html,"Where a parameter is outside scope, it should be declared or handled through an appropriate accredited partner route.",requires adjudication,high,SCOPE,Karachi PNAC LAB-285 and Lahore PNAC LAB-347 are location- and scope-specific.
https://envitechal.com/ppwr-heavy-metal-testing-packaging-pakistan/,rendered_html,"Test and report in mg/kg The report should identify the sample, method, result, units, reporting limit, accreditation status and conformity comparison.",requires adjudication,high,SCOPE,Karachi PNAC LAB-285 and Lahore PNAC LAB-347 are location- and scope-specific.
https://envitechal.com/ppwr-heavy-metal-testing-packaging-pakistan/,rendered_html,"EU Acceptance Strategy How Pakistani exporters can make reports more acceptable to EU buyers What a strong report should contain Clear sample name: carton, tape, polybag, label, hangtag or sticker Material and supplier details where available Batch, lot, PO, buyer, style or shipment reference where relevant Test method and instrument / analytical technique Result in mg/kg with reporting limit and uncertainty where applicable Separate accreditation status for each test parameter Conformity statem",requires adjudication,high,SCOPE,Karachi PNAC LAB-285 and Lahore PNAC LAB-347 are location- and scope-specific.
https://envitechal.com/ppwr-heavy-metal-testing-packaging-pakistan/,rendered_html,"A laboratory can be ISO/IEC 17025 accredited, but the specific packaging matrix and heavy-metal method must still be checked against the current accredited scope.",requires adjudication,high,SCOPE,Karachi PNAC LAB-285 and Lahore PNAC LAB-347 are location- and scope-specific.
https://envitechal.com/ppwr-heavy-metal-testing-packaging-pakistan/,rendered_html,02 Scope-confirmed testing We help confirm which heavy-metal tests can be issued under accredited scope and how to handle parameters that require additional buyer-specific or partner-lab support.,requires adjudication,high,SCOPE,Karachi PNAC LAB-285 and Lahore PNAC LAB-347 are location- and scope-specific.
https://envitechal.com/ppwr-heavy-metal-testing-packaging-pakistan/,rendered_html,"Exporter with lab/consultant support Common Mistakes Errors that create rejection risk or buyer follow-up Testing only the export carton and ignoring tape, labels, stickers and polybags Using a report without clear sample identity or supplier traceability Assuming “ISO 17025 lab” automatically means every packaging test is accredited Reporting total chromium only when the buyer specifically requires Cr(VI) Failing to include the report inside a technical documentation pack Calling the report a “",requires adjudication,high,SCOPE,Karachi PNAC LAB-285 and Lahore PNAC LAB-347 are location- and scope-specific.
https://envitechal.com/ppwr-heavy-metal-testing-packaging-pakistan/,rendered_html,Acceptance is strongest when the report is issued by an ISO/IEC 17025 accredited laboratory and the exact test method and matrix are inside the current accredited scope.,requires adjudication,high,SCOPE,Karachi PNAC LAB-285 and Lahore PNAC LAB-347 are location- and scope-specific.
https://envitechal.com/ppwr-heavy-metal-testing-packaging-pakistan/,rendered_html,Regulation (EU) 2025/40 official PDF Download official PPWR PDF from EUR-Lex EUR-Lex PPWR online text Read Regulation (EU) 2025/40 online ILAC MRA signatory listing View PNAC signatory status on ILAC Envi Tech AL Karachi PNAC scope (LAB-285) Review the current Karachi PNAC scope document European Commission PPWR overview Read the Commission packaging waste overview Swedish Chemicals Agency heavy metals page Review the Kemi heavy-metals guidance Prepare Before the Buyer Deadline Need PPWR heavy-m,primary-source bounded,moderate,KEEP_REVIEWED,Karachi PNAC LAB-285 and Lahore PNAC LAB-347 are location- and scope-specific.
https://envitechal.com/ppwr-heavy-metal-testing-packaging-pakistan/,rendered_html,Laboratory accreditation must still be verified for the exact method and packaging matrix before a report is represented as accredited.,requires adjudication,high,SCOPE,Karachi PNAC LAB-285 and Lahore PNAC LAB-347 are location- and scope-specific.
https://envitechal.com/ppwr-heavy-metal-testing-packaging-pakistan/,rendered_html,"PPWR acceptance depends on current EU requirements, buyer/importer requirements, exact packaging scope, valid laboratory accreditation scope, method suitability and completeness of the technical documentation.",requires adjudication,high,SCOPE,Karachi PNAC LAB-285 and Lahore PNAC LAB-347 are location- and scope-specific.
https://envitechal.com/ppwr-heavy-metal-testing-packaging-pakistan/,rendered_html,"PNAC LAB-285 Karachi | LAB-347 Lahore ISO 9001 ISO 14001 Contact +92 310 2288801 +92 315 2006074 +92 42 32296099 info@envitechal.com Karachi Office First Floor, 345, Street 15, Bahadurabad Block 3, Bahadur Yar Jang CHS, Karachi, Sindh 75900, Pakistan Lahore Office 87-E Madina Heights, Office A/30-31, 8th Floor, Maulana Shaukat Ali Road, Johar Town, Lahore, Punjab, Pakistan Services Analytical Lab Services Water Testing Services Wastewater Testing Air Monitoring Equipment Calibration Environmenta",primary-source bounded,moderate,KEEP_REVIEWED,Karachi PNAC LAB-285 and Lahore PNAC LAB-347 are location- and scope-specific.
https://envitechal.com/report-verification-portal/,rendered_html,"PNAC LAB-285 Karachi | LAB-347 Lahore ISO 9001 ISO 14001 Contact +92 310 2288801 +92 315 2006074 +92 42 32296099 info@envitechal.com Karachi Office First Floor, 345, Street 15, Bahadurabad Block 3, Bahadur Yar Jang CHS, Karachi, Sindh 75900, Pakistan Lahore Office 87-E Madina Heights, Office A/30-31, 8th Floor, Maulana Shaukat Ali Road, Johar Town, Lahore, Punjab, Pakistan Services Analytical Lab Services Water Testing Services Wastewater Testing Air Monitoring Equipment Calibration Environmenta",primary-source bounded,moderate,KEEP_REVIEWED,Karachi PNAC LAB-285 and Lahore PNAC LAB-347 are location- and scope-specific.
https://envitechal.com/services/,rendered_html,Open service path Focused service page EMP / EMR / IEE / EIA Support Environmental documentation and SEPA/Punjab EPA compliance support for projects and facilities.,primary-source bounded,moderate,KEEP_REVIEWED,Karachi PNAC LAB-285 and Lahore PNAC LAB-347 are location- and scope-specific.
https://envitechal.com/services/,rendered_html,"PNAC LAB-285 Karachi | LAB-347 Lahore ISO 9001 ISO 14001 Contact +92 310 2288801 +92 315 2006074 +92 42 32296099 info@envitechal.com Karachi Office First Floor, 345, Street 15, Bahadurabad Block 3, Bahadur Yar Jang CHS, Karachi, Sindh 75900, Pakistan Lahore Office 87-E Madina Heights, Office A/30-31, 8th Floor, Maulana Shaukat Ali Road, Johar Town, Lahore, Punjab, Pakistan Services Analytical Lab Services Water Testing Services Wastewater Testing Air Monitoring Equipment Calibration Environmenta",primary-source bounded,moderate,KEEP_REVIEWED,Karachi PNAC LAB-285 and Lahore PNAC LAB-347 are location- and scope-specific.
https://envitechal.com/services/analytical-lab-services/,rendered_html,"Testing capability and accreditation are location-, method-, matrix-, and parameter-specific.",requires adjudication,high,SCOPE,Karachi PNAC LAB-285 and Lahore PNAC LAB-347 are location- and scope-specific.
https://envitechal.com/services/analytical-lab-services/,rendered_html,"Confirm the sample type, required standard, reporting purpose, laboratory location, and applicable accredited scope before work begins.",requires adjudication,high,SCOPE,Karachi PNAC LAB-285 and Lahore PNAC LAB-347 are location- and scope-specific.
https://envitechal.com/services/analytical-lab-services/,rendered_html,"PNAC LAB-285 Karachi | LAB-347 Lahore ISO 9001 ISO 14001 Contact +92 310 2288801 +92 315 2006074 +92 42 32296099 info@envitechal.com Karachi Office First Floor, 345, Street 15, Bahadurabad Block 3, Bahadur Yar Jang CHS, Karachi, Sindh 75900, Pakistan Lahore Office 87-E Madina Heights, Office A/30-31, 8th Floor, Maulana Shaukat Ali Road, Johar Town, Lahore, Punjab, Pakistan Services Analytical Lab Services Water Testing Services Wastewater Testing Air Monitoring Equipment Calibration Environmenta",primary-source bounded,moderate,KEEP_REVIEWED,Karachi PNAC LAB-285 and Lahore PNAC LAB-347 are location- and scope-specific.
https://envitechal.com/services/ballast-water-testing-services/,rendered_html,"Neither Karachi LAB-285 nor Lahore LAB-347 establishes PNAC accreditation for ballast-water testing; confirm the required matrix, method, reporting purpose, and current availability before booking.",primary-source bounded,moderate,KEEP_REVIEWED,Karachi PNAC LAB-285 and Lahore PNAC LAB-347 are location- and scope-specific.
https://envitechal.com/services/ballast-water-testing-services/,rendered_html,"ISO 9001:2015, ISO 14001:2015, and Green Lab Certification (Gold): Our laboratory adheres to the highest standards of quality and environmental responsibility.",primary-source bounded,moderate,KEEP_REVIEWED,Karachi PNAC LAB-285 and Lahore PNAC LAB-347 are location- and scope-specific.
https://envitechal.com/services/ballast-water-testing-services/,rendered_html,"Sindh EPA Approved: Centrally located in Bahadurabad, Karachi , our lab is approved by the Sindh Environmental Protection Agency, ensuring compliance with local and international regulations.",primary-source bounded,moderate,KEEP_REVIEWED,Karachi PNAC LAB-285 and Lahore PNAC LAB-347 are location- and scope-specific.
https://envitechal.com/services/ballast-water-testing-services/,rendered_html,"PNAC LAB-285 Karachi | LAB-347 Lahore ISO 9001 ISO 14001 Contact +92 310 2288801 +92 315 2006074 +92 42 32296099 info@envitechal.com Karachi Office First Floor, 345, Street 15, Bahadurabad Block 3, Bahadur Yar Jang CHS, Karachi, Sindh 75900, Pakistan Lahore Office 87-E Madina Heights, Office A/30-31, 8th Floor, Maulana Shaukat Ali Road, Johar Town, Lahore, Punjab, Pakistan Services Analytical Lab Services Water Testing Services Wastewater Testing Air Monitoring Equipment Calibration Environmenta",primary-source bounded,moderate,KEEP_REVIEWED,Karachi PNAC LAB-285 and Lahore PNAC LAB-347 are location- and scope-specific.
https://envitechal.com/services/certification-advisory/,rendered_html,"Request Testing Quote Back to services Service fit Management systems teams Factories Export units Compliance departments ISO 9001 awareness ISO 14001 awareness Evidence-led approach Practical training support Service overview How this service supports the final decision A clear service page should tell you what the work supports, who it helps, and how to start with the right technical scope.",primary-source bounded,moderate,KEEP_REVIEWED,Karachi PNAC LAB-285 and Lahore PNAC LAB-347 are location- and scope-specific.
https://envitechal.com/services/certification-advisory/,rendered_html,"System support ISO 9001 readiness ISO 14001 readiness Gap assessment Document review Internal audit preparation Evidence support Testing reports Monitoring records Calibration records Corrective actions Training evidence Why it matters Correct scope, controlled testing, and clear reporting help customers make defensible decisions for compliance, audits, procurement, safety, operations, and follow-up actions.",primary-source bounded,moderate,KEEP_REVIEWED,Karachi PNAC LAB-285 and Lahore PNAC LAB-347 are location- and scope-specific.
https://envitechal.com/services/certification-advisory/,rendered_html,"PNAC LAB-285 Karachi | LAB-347 Lahore ISO 9001 ISO 14001 Contact +92 310 2288801 +92 315 2006074 +92 42 32296099 info@envitechal.com Karachi Office First Floor, 345, Street 15, Bahadurabad Block 3, Bahadur Yar Jang CHS, Karachi, Sindh 75900, Pakistan Lahore Office 87-E Madina Heights, Office A/30-31, 8th Floor, Maulana Shaukat Ali Road, Johar Town, Lahore, Punjab, Pakistan Services Analytical Lab Services Water Testing Services Wastewater Testing Air Monitoring Equipment Calibration Environmenta",primary-source bounded,moderate,KEEP_REVIEWED,Karachi PNAC LAB-285 and Lahore PNAC LAB-347 are location- and scope-specific.
https://envitechal.com/services/environmental-advisory/,rendered_html,"PNAC LAB-285 Karachi | LAB-347 Lahore ISO 9001 ISO 14001 Contact +92 310 2288801 +92 315 2006074 +92 42 32296099 info@envitechal.com Karachi Office First Floor, 345, Street 15, Bahadurabad Block 3, Bahadur Yar Jang CHS, Karachi, Sindh 75900, Pakistan Lahore Office 87-E Madina Heights, Office A/30-31, 8th Floor, Maulana Shaukat Ali Road, Johar Town, Lahore, Punjab, Pakistan Services Analytical Lab Services Water Testing Services Wastewater Testing Air Monitoring Equipment Calibration Environmenta",primary-source bounded,moderate,KEEP_REVIEWED,Karachi PNAC LAB-285 and Lahore PNAC LAB-347 are location- and scope-specific.
https://envitechal.com/services/environmental-consultancy/,rendered_html,"Regulatory documents IEE EIA EMP EMR Environmental audits Monitoring plans Compliance support areas SEPA coordination Punjab EPA support Corrective action planning Submission preparation Operational compliance review Why it matters Correct scope, controlled testing, and clear reporting help customers make defensible decisions for compliance, audits, procurement, safety, operations, and follow-up actions.",primary-source bounded,moderate,KEEP_REVIEWED,Karachi PNAC LAB-285 and Lahore PNAC LAB-347 are location- and scope-specific.
https://envitechal.com/services/environmental-consultancy/,rendered_html,Can Envi Tech AL support SEPA or Punjab EPA compliance work?,primary-source bounded,moderate,KEEP_REVIEWED,Karachi PNAC LAB-285 and Lahore PNAC LAB-347 are location- and scope-specific.
https://envitechal.com/services/environmental-consultancy/,rendered_html,"The team can support environmental documentation, monitoring, advisory, and reporting pathways for SEPA and Punjab EPA related requirements.",primary-source bounded,moderate,KEEP_REVIEWED,Karachi PNAC LAB-285 and Lahore PNAC LAB-347 are location- and scope-specific.
https://envitechal.com/services/environmental-consultancy/,rendered_html,"PNAC LAB-285 Karachi | LAB-347 Lahore ISO 9001 ISO 14001 Contact +92 310 2288801 +92 315 2006074 +92 42 32296099 info@envitechal.com Karachi Office First Floor, 345, Street 15, Bahadurabad Block 3, Bahadur Yar Jang CHS, Karachi, Sindh 75900, Pakistan Lahore Office 87-E Madina Heights, Office A/30-31, 8th Floor, Maulana Shaukat Ali Road, Johar Town, Lahore, Punjab, Pakistan Services Analytical Lab Services Water Testing Services Wastewater Testing Air Monitoring Equipment Calibration Environmenta",primary-source bounded,moderate,KEEP_REVIEWED,Karachi PNAC LAB-285 and Lahore PNAC LAB-347 are location- and scope-specific.
https://envitechal.com/services/equipment-calibration-services/,rendered_html,"Adherence to Quality Systems : With a strong emphasis on quality, our services align with ISO 9001 and other quality standards.",primary-source bounded,moderate,KEEP_REVIEWED,Karachi PNAC LAB-285 and Lahore PNAC LAB-347 are location- and scope-specific.
https://envitechal.com/services/equipment-calibration-services/,rendered_html,"PNAC LAB-285 Karachi | LAB-347 Lahore ISO 9001 ISO 14001 Contact +92 310 2288801 +92 315 2006074 +92 42 32296099 info@envitechal.com Karachi Office First Floor, 345, Street 15, Bahadurabad Block 3, Bahadur Yar Jang CHS, Karachi, Sindh 75900, Pakistan Lahore Office 87-E Madina Heights, Office A/30-31, 8th Floor, Maulana Shaukat Ali Road, Johar Town, Lahore, Punjab, Pakistan Services Analytical Lab Services Water Testing Services Wastewater Testing Air Monitoring Equipment Calibration Environmenta",primary-source bounded,moderate,KEEP_REVIEWED,Karachi PNAC LAB-285 and Lahore PNAC LAB-347 are location- and scope-specific.
https://envitechal.com/services/technical-advisory-2/,rendered_html,"PNAC LAB-285 Karachi | LAB-347 Lahore ISO 9001 ISO 14001 Contact +92 310 2288801 +92 315 2006074 +92 42 32296099 info@envitechal.com Karachi Office First Floor, 345, Street 15, Bahadurabad Block 3, Bahadur Yar Jang CHS, Karachi, Sindh 75900, Pakistan Lahore Office 87-E Madina Heights, Office A/30-31, 8th Floor, Maulana Shaukat Ali Road, Johar Town, Lahore, Punjab, Pakistan Services Analytical Lab Services Water Testing Services Wastewater Testing Air Monitoring Equipment Calibration Environmenta",primary-source bounded,moderate,KEEP_REVIEWED,Karachi PNAC LAB-285 and Lahore PNAC LAB-347 are location- and scope-specific.
https://envitechal.com/services/thermal-imaging-inspection/,rendered_html,"PNAC LAB-285 Karachi | LAB-347 Lahore ISO 9001 ISO 14001 Contact +92 310 2288801 +92 315 2006074 +92 42 32296099 info@envitechal.com Karachi Office First Floor, 345, Street 15, Bahadurabad Block 3, Bahadur Yar Jang CHS, Karachi, Sindh 75900, Pakistan Lahore Office 87-E Madina Heights, Office A/30-31, 8th Floor, Maulana Shaukat Ali Road, Johar Town, Lahore, Punjab, Pakistan Services Analytical Lab Services Water Testing Services Wastewater Testing Air Monitoring Equipment Calibration Environmenta",primary-source bounded,moderate,KEEP_REVIEWED,Karachi PNAC LAB-285 and Lahore PNAC LAB-347 are location- and scope-specific.
https://envitechal.com/services/water-testing-lab-services/,rendered_html,PNAC LAB-285 applies only to the Karachi permanent laboratory and its published scope; PNAC LAB-347 applies only to the Lahore permanent laboratory and its published scope.,primary-source bounded,moderate,KEEP_REVIEWED,Karachi PNAC LAB-285 and Lahore PNAC LAB-347 are location- and scope-specific.
https://envitechal.com/services/water-testing-lab-services/,rendered_html,"Every location, matrix, parameter, method, and range must match the applicable current PNAC scope before work is described as accredited.",requires adjudication,high,SCOPE,Karachi PNAC LAB-285 and Lahore PNAC LAB-347 are location- and scope-specific.
https://envitechal.com/services/water-testing-lab-services/,rendered_html,"Request a quotation WhatsApp consultation Laboratory trust PNAC LAB-285 - Karachi PNAC LAB-347 - Lahore Punjab EPA listed laboratory Method and location scope verification required One coordinated route for water testing requirements Water quality decisions carry regulatory, commercial and public-health consequences.",primary-source bounded,moderate,KEEP_REVIEWED,Karachi PNAC LAB-285 and Lahore PNAC LAB-347 are location- and scope-specific.
https://envitechal.com/services/water-testing-lab-services/,rendered_html,"Our water testing lab supports the people accountable for those decisions: facility and utility managers proving drinking water safety, compliance officers meeting Sindh EPA and Punjab EPA monitoring conditions, QA teams protecting product quality, exporters answering buyer audits, and building operators safeguarding residents and guests.",primary-source bounded,moderate,KEEP_REVIEWED,Karachi PNAC LAB-285 and Lahore PNAC LAB-347 are location- and scope-specific.
https://envitechal.com/services/water-testing-lab-services/,rendered_html,"The laboratory confirms availability, method, location, reporting scope, and any applicable accreditation before accepting the work.",requires adjudication,high,SCOPE,Karachi PNAC LAB-285 and Lahore PNAC LAB-347 are location- and scope-specific.
https://envitechal.com/services/water-testing-lab-services/,rendered_html,Karachi PNAC LAB-285 and Lahore PNAC LAB-347 each cover only the combinations listed in their applicable published scopes.,primary-source bounded,moderate,KEEP_REVIEWED,Karachi PNAC LAB-285 and Lahore PNAC LAB-347 are location- and scope-specific.
https://envitechal.com/services/water-testing-lab-services/,rendered_html,"Why facilities choose our water testing laboratory Scope-confirmed analysis, coordinated sampling and verifiable reporting Evidence that can be checked: PNAC LAB-285 for the Karachi scope, PNAC LAB-347 for the Lahore scope, and the applicable EPA records.",primary-source bounded,moderate,KEEP_REVIEWED,Karachi PNAC LAB-285 and Lahore PNAC LAB-347 are location- and scope-specific.
https://envitechal.com/services/water-testing-lab-services/,rendered_html,"PNAC LAB-285 Karachi | LAB-347 Lahore ISO 9001 ISO 14001 Contact +92 310 2288801 +92 315 2006074 +92 42 32296099 info@envitechal.com Karachi Office First Floor, 345, Street 15, Bahadurabad Block 3, Bahadur Yar Jang CHS, Karachi, Sindh 75900, Pakistan Lahore Office 87-E Madina Heights, Office A/30-31, 8th Floor, Maulana Shaukat Ali Road, Johar Town, Lahore, Punjab, Pakistan Services Analytical Lab Services Water Testing Services Wastewater Testing Air Monitoring Equipment Calibration Environmenta",primary-source bounded,moderate,KEEP_REVIEWED,Karachi PNAC LAB-285 and Lahore PNAC LAB-347 are location- and scope-specific.
https://envitechal.com/sindh-environmental-quality-standards-seqs/,rendered_html,Punjab facilities operate under the parallel Punjab Environmental Quality Standards (PEQS) enforced by the Punjab EPA.,primary-source bounded,moderate,KEEP_REVIEWED,Karachi PNAC LAB-285 and Lahore PNAC LAB-347 are location- and scope-specific.
https://envitechal.com/sindh-environmental-quality-standards-seqs/,rendered_html,A facility in Karachi answers to SEQS and SEPA; a facility in Lahore answers to PEQS and the Punjab EPA.,primary-source bounded,moderate,KEEP_REVIEWED,Karachi PNAC LAB-285 and Lahore PNAC LAB-347 are location- and scope-specific.
https://envitechal.com/sindh-environmental-quality-standards-seqs/,rendered_html,"PNAC LAB-285 Karachi | LAB-347 Lahore ISO 9001 ISO 14001 Contact +92 310 2288801 +92 315 2006074 +92 42 32296099 info@envitechal.com Karachi Office First Floor, 345, Street 15, Bahadurabad Block 3, Bahadur Yar Jang CHS, Karachi, Sindh 75900, Pakistan Lahore Office 87-E Madina Heights, Office A/30-31, 8th Floor, Maulana Shaukat Ali Road, Johar Town, Lahore, Punjab, Pakistan Services Analytical Lab Services Water Testing Services Wastewater Testing Air Monitoring Equipment Calibration Environmenta",primary-source bounded,moderate,KEEP_REVIEWED,Karachi PNAC LAB-285 and Lahore PNAC LAB-347 are location- and scope-specific.
https://envitechal.com/sindh-epa-vs-punjab-epa-noc-lahore/,rendered_html,Sindh EPA vs Punjab EPA: NOC and Approvals Compared | Envi Tech AL Skip to content Envi Tech AL Menu Menu Home About About Us Knowledge Hub Clients FAQ Lahore Office Our Services Environmental Consultancy Certification Advisory Technical Advisory Analytical Lab Services Water Testing Services Equipment Calibration Environmental Advisory Ballast Water Testing Services Thermal Imaging Inspection Downloads Contact Us Careers Verify Report Compliance Sindh EPA vs Punjab EPA: NOC and Approvals Compar,primary-source bounded,moderate,KEEP_REVIEWED,Karachi PNAC LAB-285 and Lahore PNAC LAB-347 are location- and scope-specific.
https://envitechal.com/sindh-epa-vs-punjab-epa-noc-lahore/,rendered_html,Bottom line: Do not treat Sindh EPA and Punjab EPA approvals as interchangeable files.,primary-source bounded,moderate,KEEP_REVIEWED,Karachi PNAC LAB-285 and Lahore PNAC LAB-347 are location- and scope-specific.
https://envitechal.com/sindh-epa-vs-punjab-epa-noc-lahore/,rendered_html,"Sindh EPA vs Punjab EPA: what an environmental buyer actually needs to compare Most teams use ""EPA NOC"" because it is short and familiar.",primary-source bounded,moderate,KEEP_REVIEWED,Karachi PNAC LAB-285 and Lahore PNAC LAB-347 are location- and scope-specific.
https://envitechal.com/sindh-epa-vs-punjab-epa-noc-lahore/,rendered_html,"For a buyer comparing Sindh EPA vs Punjab EPA , the better question is: which statutory route applies, what evidence is expected, and what monitoring or confirmation will be needed after the decision?",primary-source bounded,moderate,KEEP_REVIEWED,Karachi PNAC LAB-285 and Lahore PNAC LAB-347 are location- and scope-specific.
https://envitechal.com/sindh-epa-vs-punjab-epa-noc-lahore/,rendered_html,"Sindh EPA can direct a proponent to file an EC, IEE or EIA for reasons recorded, subject to the regulation's advisory committee mechanism.",primary-source bounded,moderate,KEEP_REVIEWED,Karachi PNAC LAB-285 and Lahore PNAC LAB-347 are location- and scope-specific.
https://envitechal.com/sindh-epa-vs-punjab-epa-noc-lahore/,rendered_html,"For Sindh-focused planning, Envi Tech AL has a dedicated Sindh EPA NOC guide that explains how buyers commonly approach the SEPA route.",primary-source bounded,moderate,KEEP_REVIEWED,Karachi PNAC LAB-285 and Lahore PNAC LAB-347 are location- and scope-specific.
https://envitechal.com/sindh-epa-vs-punjab-epa-noc-lahore/,rendered_html,"Envi Tech AL works from Karachi and Lahore and can convert a vague request such as ""Punjab EPA NOC"" into a defensible scope.",primary-source bounded,moderate,KEEP_REVIEWED,Karachi PNAC LAB-285 and Lahore PNAC LAB-347 are location- and scope-specific.
https://envitechal.com/sindh-epa-vs-punjab-epa-noc-lahore/,rendered_html,FAQs Is a Punjab EPA NOC the same as an IEE or EIA approval?,primary-source bounded,moderate,KEEP_REVIEWED,Karachi PNAC LAB-285 and Lahore PNAC LAB-347 are location- and scope-specific.
https://envitechal.com/sindh-epa-vs-punjab-epa-noc-lahore/,rendered_html,Does Sindh EPA use the same approval categories as Punjab EPA?,primary-source bounded,moderate,KEEP_REVIEWED,Karachi PNAC LAB-285 and Lahore PNAC LAB-347 are location- and scope-specific.
https://envitechal.com/sindh-epa-vs-punjab-epa-noc-lahore/,rendered_html,"PNAC LAB-285 Karachi | LAB-347 Lahore ISO 9001 ISO 14001 Contact +92 310 2288801 +92 315 2006074 +92 42 32296099 info@envitechal.com Karachi Office First Floor, 345, Street 15, Bahadurabad Block 3, Bahadur Yar Jang CHS, Karachi, Sindh 75900, Pakistan Lahore Office 87-E Madina Heights, Office A/30-31, 8th Floor, Maulana Shaukat Ali Road, Johar Town, Lahore, Punjab, Pakistan Services Analytical Lab Services Water Testing Services Wastewater Testing Air Monitoring Equipment Calibration Environmenta",primary-source bounded,moderate,KEEP_REVIEWED,Karachi PNAC LAB-285 and Lahore PNAC LAB-347 are location- and scope-specific.
https://envitechal.com/soil-hazardous-waste-testing/,rendered_html,"PNAC LAB-285 Karachi | LAB-347 Lahore ISO 9001 ISO 14001 Contact +92 310 2288801 +92 315 2006074 +92 42 32296099 info@envitechal.com Karachi Office First Floor, 345, Street 15, Bahadurabad Block 3, Bahadur Yar Jang CHS, Karachi, Sindh 75900, Pakistan Lahore Office 87-E Madina Heights, Office A/30-31, 8th Floor, Maulana Shaukat Ali Road, Johar Town, Lahore, Punjab, Pakistan Services Analytical Lab Services Water Testing Services Wastewater Testing Air Monitoring Equipment Calibration Environmenta",primary-source bounded,moderate,KEEP_REVIEWED,Karachi PNAC LAB-285 and Lahore PNAC LAB-347 are location- and scope-specific.
https://envitechal.com/tdap-registered-lab-in-karachi-pakistan/,rendered_html,"PNAC LAB-285 Karachi | LAB-347 Lahore ISO 9001 ISO 14001 Contact +92 310 2288801 +92 315 2006074 +92 42 32296099 info@envitechal.com Karachi Office First Floor, 345, Street 15, Bahadurabad Block 3, Bahadur Yar Jang CHS, Karachi, Sindh 75900, Pakistan Lahore Office 87-E Madina Heights, Office A/30-31, 8th Floor, Maulana Shaukat Ali Road, Johar Town, Lahore, Punjab, Pakistan Services Analytical Lab Services Water Testing Services Wastewater Testing Air Monitoring Equipment Calibration Environmenta",primary-source bounded,moderate,KEEP_REVIEWED,Karachi PNAC LAB-285 and Lahore PNAC LAB-347 are location- and scope-specific.
https://envitechal.com/wastewater-etp-effluent-testing-seqs-neqs/,rendered_html,Confirm the latest applicable Sindh EPA requirement and any approval-specific condition.,primary-source bounded,moderate,KEEP_REVIEWED,Karachi PNAC LAB-285 and Lahore PNAC LAB-347 are location- and scope-specific.
https://envitechal.com/wastewater-etp-effluent-testing-seqs-neqs/,rendered_html,Envi Tech AL operates location-specific PNAC-accredited permanent laboratories: Karachi LAB-285 and Lahore LAB-347.,primary-source bounded,moderate,KEEP_REVIEWED,Karachi PNAC LAB-285 and Lahore PNAC LAB-347 are location- and scope-specific.
https://envitechal.com/wastewater-etp-effluent-testing-seqs-neqs/,rendered_html,"Each accreditation applies only to the exact location, matrix, parameter, method, and range combinations in its applicable current published scope.",requires adjudication,high,SCOPE,Karachi PNAC LAB-285 and Lahore PNAC LAB-347 are location- and scope-specific.
https://envitechal.com/wastewater-etp-effluent-testing-seqs-neqs/,rendered_html,"Useful internal and external references For a broader view of the service pathway, these related Envi Tech AL pages can help you plan scope, sampling and follow-up action: wastewater testing services water testing lab services For public reference material, start with these verified sources and confirm any project-specific obligation with the relevant authority: Sindh EPA SEQS 2016 PDF Pakistan EPA NEQS effluent PDF MOCC NEQS reference page Related Envi Tech AL pages Environmental Monitoring Rep",primary-source bounded,moderate,KEEP_REVIEWED,Karachi PNAC LAB-285 and Lahore PNAC LAB-347 are location- and scope-specific.
https://envitechal.com/wastewater-etp-effluent-testing-seqs-neqs/,rendered_html,"PNAC LAB-285 Karachi | LAB-347 Lahore ISO 9001 ISO 14001 Contact +92 310 2288801 +92 315 2006074 +92 42 32296099 info@envitechal.com Karachi Office First Floor, 345, Street 15, Bahadurabad Block 3, Bahadur Yar Jang CHS, Karachi, Sindh 75900, Pakistan Lahore Office 87-E Madina Heights, Office A/30-31, 8th Floor, Maulana Shaukat Ali Road, Johar Town, Lahore, Punjab, Pakistan Services Analytical Lab Services Water Testing Services Wastewater Testing Air Monitoring Equipment Calibration Environmenta",primary-source bounded,moderate,KEEP_REVIEWED,Karachi PNAC LAB-285 and Lahore PNAC LAB-347 are location- and scope-specific.
https://envitechal.com/wastewater-testing-services/,rendered_html,Who needs this Factories and industrial estates Textile and dyeing units Food and beverage plants Hospitals and hotels ETP operators Compliance and EHS teams What is covered Industrial wastewater ETP inlet and outlet samples Process discharge Composite or grab sampling guidance Discharge parameter selection Compliance-ready reporting Report use cases SEPA or Punjab EPA compliance support Quarterly or annual monitoring Buyer audit evidence ETP troubleshooting Internal EHS reporting Corrective act,primary-source bounded,moderate,KEEP_REVIEWED,Karachi PNAC LAB-285 and Lahore PNAC LAB-347 are location- and scope-specific.
https://envitechal.com/wastewater-testing-services/,rendered_html,"PNAC LAB-285 Karachi | LAB-347 Lahore ISO 9001 ISO 14001 Contact +92 310 2288801 +92 315 2006074 +92 42 32296099 info@envitechal.com Karachi Office First Floor, 345, Street 15, Bahadurabad Block 3, Bahadur Yar Jang CHS, Karachi, Sindh 75900, Pakistan Lahore Office 87-E Madina Heights, Office A/30-31, 8th Floor, Maulana Shaukat Ali Road, Johar Town, Lahore, Punjab, Pakistan Services Analytical Lab Services Water Testing Services Wastewater Testing Air Monitoring Equipment Calibration Environmenta",primary-source bounded,moderate,KEEP_REVIEWED,Karachi PNAC LAB-285 and Lahore PNAC LAB-347 are location- and scope-specific.
https://envitechal.com/water-testing-cost-karachi/,rendered_html,Envi Tech AL operates location-specific PNAC-accredited permanent laboratories: Karachi LAB-285 and Lahore LAB-347.,primary-source bounded,moderate,KEEP_REVIEWED,Karachi PNAC LAB-285 and Lahore PNAC LAB-347 are location- and scope-specific.
https://envitechal.com/water-testing-cost-karachi/,rendered_html,"Each accreditation applies only to the exact location, matrix, parameter, method, and range combinations in its applicable current published scope.",requires adjudication,high,SCOPE,Karachi PNAC LAB-285 and Lahore PNAC LAB-347 are location- and scope-specific.
https://envitechal.com/water-testing-cost-karachi/,rendered_html,"PNAC LAB-285 Karachi | LAB-347 Lahore ISO 9001 ISO 14001 Contact +92 310 2288801 +92 315 2006074 +92 42 32296099 info@envitechal.com Karachi Office First Floor, 345, Street 15, Bahadurabad Block 3, Bahadur Yar Jang CHS, Karachi, Sindh 75900, Pakistan Lahore Office 87-E Madina Heights, Office A/30-31, 8th Floor, Maulana Shaukat Ali Road, Johar Town, Lahore, Punjab, Pakistan Services Analytical Lab Services Water Testing Services Wastewater Testing Air Monitoring Equipment Calibration Environmenta",primary-source bounded,moderate,KEEP_REVIEWED,Karachi PNAC LAB-285 and Lahore PNAC LAB-347 are location- and scope-specific.
