category,path,sha256,bytes
template,wp-content/themes/generatepress-envitechal/404.php,d457812a47e0acf6e9bc458600d24a6d089209023afd73120dc35c9cf4fd41c0,828
template,wp-content/themes/generatepress-envitechal/archive-services.php,87646b2202770eb1c7b156be3346adad5320f02e59aed9c00f6743545530b016,11071
template,wp-content/themes/generatepress-envitechal/archive.php,3a3b2750c1e976b35b5dbdda613610d3c45b2cd1821e46bc7182ebb7f4e1bb14,93
css,wp-content/themes/generatepress-envitechal/assets/css/eta-editor.css,1c680b73687fc7291c35e0d4e27b82afbb5694f053059342f6956c97a10b91d0,202
css,wp-content/themes/generatepress-envitechal/assets/css/eta-modern.css,65407c9d87a14f1da4640a871ffcc4fe66c22c0ab0184cbd6b7cb8aad69a34a4,197320
image,wp-content/themes/generatepress-envitechal/assets/images/eta-home-hero-1500.webp,8c4916dbcc1a88fda08f4545a815ba55c34c0219ed3a5293f8335d3badc9e942,116946
image,wp-content/themes/generatepress-envitechal/assets/images/eta-home-hero-520.webp,dd273d1017c2bbb6b66711a174e93748299faff57b9737f3d5631ace7170f10b,22164
image,wp-content/themes/generatepress-envitechal/assets/images/eta-home-hero-900.webp,969b1f610e2c26fb28c5166c34706d70e7556d3808de879eaee5fc170c7ce460,53044
javascript,wp-content/themes/generatepress-envitechal/assets/js/eta-chatbot.js,8d078345e9db5d55bb4cf8c3091d85c267241d1b69ed062eff95a7ebf0d497dd,8823
template,wp-content/themes/generatepress-envitechal/footer.php,a0fb9937ec4e057b5228e90a1795d2eb7dac795c894bf19500d058e0cd9e95f8,7424
template,wp-content/themes/generatepress-envitechal/front-page.php,920ca107f28ca493e13ad21ae32832107f66f66084c993d4ff50585686129177,23120
template,wp-content/themes/generatepress-envitechal/functions.php,321522a2836dacc2931d303a8fd02738b57c31b61010bcb77c11bdc157d8a9bb,361239
template,wp-content/themes/generatepress-envitechal/inc/ai-visibility.php,c515f3a0fc4f1b5eb0dafcb21c39440f2fcf59877c8d5498c17c61301f131464,34085
template,wp-content/themes/generatepress-envitechal/inc/eta-agent.php,63d778c1516efddfc275132ad3b6edcc9646af49db9dda8b57dbc3e2f61e123d,77765
template,wp-content/themes/generatepress-envitechal/inc/legacy-redirects.php,7541b99eea6451b8c05ced1efa11fea963df2fa1d05f85d332fc5b614d31d2f9,19672
template,wp-content/themes/generatepress-envitechal/inc/premium-post-patterns.php,7bef273f551dadb6ad9386a6c917e0e2e14b090680f6bba016be11a18f629732,22282
template,wp-content/themes/generatepress-envitechal/inc/robots-directives.php,7ce5c885d41694ac9b4ca581084975e71bb407b3aea4f011548c57e2c7a409df,4944
template,wp-content/themes/generatepress-envitechal/index.php,abc7c21d2751b46e3a76ee4b9b771c8319918c5f1e50c2ea327717e4873db61f,259
template,wp-content/themes/generatepress-envitechal/page.php,600f718e2dfc6d1e341c415472fe281591e82017d5f116ef28f2fce8a788ea10,3588
template,wp-content/themes/generatepress-envitechal/search.php,20344a54d91bb88a47a4d9cee7a8b7566d65d0c78076c32c1f3189499fa8cf56,1089
template,wp-content/themes/generatepress-envitechal/single-services.php,54767cd484ac17860476a27eac5ef37b1897b3841053df406aa9156dd5f04ae4,18099
template,wp-content/themes/generatepress-envitechal/single.php,5a1f69848c5a30258e25e7e1296637796522662bf6b26461b6f28ba0e2a3bddc,243
css,wp-content/themes/generatepress-envitechal/style.css,2e1bd0fa15535d44982ada604ece492ce579d48e9911197c1dfaa607be21d073,272
