url,current_status,disposition,canonical_or_redirect_target,sitemap_after_release,rationale
https://envitechal.com/,200,KEEP_AUTHORITY,https://envitechal.com/,yes,organization and national service overview
https://envitechal.com/about-envi-tech-al-for-ai-search-engines/,200,KEEP_AUTHORITY,https://envitechal.com/about-envi-tech-al-for-ai-search-engines/,yes,machine-readable organization facts
https://envitechal.com/aboutus/,200,KEEP_AUTHORITY,https://envitechal.com/aboutus/,yes,organization identity and governance
https://envitechal.com/accreditations-certifications/,200,KEEP_AUTHORITY,https://envitechal.com/accreditations-certifications/,yes,credentials and issuer verification
https://envitechal.com/ambient-air-monitoring-services/,200,KEEP_AUTHORITY,https://envitechal.com/ambient-air-monitoring-services/,yes,ambient-air monitoring
https://envitechal.com/ambient-air-quality-monitoring-pakistan/,200,KEEP_SUPPORTING,https://envitechal.com/ambient-air-monitoring-services/,yes,unique supporting article; internal evidence and anchors should reinforce the authority URL
https://envitechal.com/blognewsupdates/,200,KEEP_AUTHORITY,https://envitechal.com/blognewsupdates/,yes,knowledge hub index
https://envitechal.com/careers-at-envi-tech-al/,200,KEEP_AUTHORITY,https://envitechal.com/careers-at-envi-tech-al/,yes,careers
https://envitechal.com/contact-us-envi-tech-al/,200,KEEP_AUTHORITY,https://envitechal.com/contact-us-envi-tech-al/,yes,contact and quotation route
https://envitechal.com/downloads/,200,KEEP_AUTHORITY,https://envitechal.com/downloads/,yes,official downloads
https://envitechal.com/drinking-water-testing-lab/,200,KEEP_AUTHORITY,https://envitechal.com/drinking-water-testing-lab/,yes,drinking-water testing
https://envitechal.com/emp-emr-iee-eia-compliance/,200,KEEP_AUTHORITY,https://envitechal.com/emp-emr-iee-eia-compliance/,yes,"EMP, EMR, IEE and EIA compliance"
https://envitechal.com/environmental-consultancy-karachi-guide/,200,KEEP_SUPPORTING,https://envitechal.com/services/environmental-consultancy/,yes,unique supporting article; internal evidence and anchors should reinforce the authority URL
https://envitechal.com/environmental-monitoring-report-emr-emp-sindh-epa/,200,KEEP_SUPPORTING,https://envitechal.com/services/environmental-consultancy/,yes,unique supporting article; internal evidence and anchors should reinforce the authority URL
https://envitechal.com/environmental-testing-faqs-pakistan/,200,KEEP_AUTHORITY,https://envitechal.com/environmental-testing-faqs-pakistan/,yes,environmental testing FAQs
https://envitechal.com/gaseous-air-emission-testing-lab-near-me/,200,KEEP_AUTHORITY,https://envitechal.com/gaseous-air-emission-testing-lab-near-me/,yes,stack and gaseous emissions testing
https://envitechal.com/how-to-choose-the-suitable-environmental-lab/,200,KEEP_SUPPORTING,https://envitechal.com/services/analytical-lab-services/,yes,unique supporting article; internal evidence and anchors should reinforce the authority URL
https://envitechal.com/how-to-read-water-test-report-peqs-who/,200,KEEP_SUPPORTING,https://envitechal.com/drinking-water-testing-lab/,yes,unique supporting article; internal evidence and anchors should reinforce the authority URL
https://envitechal.com/iee-vs-eia-vs-emp-vs-noc-pakistan/,200,KEEP_SUPPORTING,https://envitechal.com/services/environmental-consultancy/,yes,unique supporting article; internal evidence and anchors should reinforce the authority URL
https://envitechal.com/industrial-hygiene-monitoring/,200,KEEP_AUTHORITY,https://envitechal.com/industrial-hygiene-monitoring/,yes,industrial-hygiene monitoring
https://envitechal.com/iso-17025-accredited-lab-pakistan/,200,KEEP_SUPPORTING,https://envitechal.com/services/analytical-lab-services/,yes,unique supporting article; internal evidence and anchors should reinforce the authority URL
https://envitechal.com/karachi-environmental-lab/,200,KEEP_AUTHORITY,https://envitechal.com/karachi-environmental-lab/,yes,Karachi environmental laboratory
https://envitechal.com/lahore-environmental-lab/,200,KEEP_AUTHORITY,https://envitechal.com/lahore-environmental-lab/,yes,Lahore environmental laboratory
https://envitechal.com/maritime-environmental-testing/,200,KEEP_AUTHORITY,https://envitechal.com/maritime-environmental-testing/,yes,maritime environmental testing
https://envitechal.com/noise-level-monitoring-industrial-workplace/,200,KEEP_SUPPORTING,https://envitechal.com/noise-monitoring-dosimetry/,yes,unique supporting article; internal evidence and anchors should reinforce the authority URL
https://envitechal.com/noise-monitoring-dosimetry/,200,KEEP_AUTHORITY,https://envitechal.com/noise-monitoring-dosimetry/,yes,noise monitoring and dosimetry
https://envitechal.com/ourclients/,200,KEEP_AUTHORITY,https://envitechal.com/ourclients/,yes,published client portfolio
https://envitechal.com/ppwr-heavy-metal-testing-packaging-pakistan/,200,KEEP_SUPPORTING,https://envitechal.com/services/analytical-lab-services/,yes,unique supporting article; internal evidence and anchors should reinforce the authority URL
https://envitechal.com/report-verification-portal/,200,KEEP_AUTHORITY,https://envitechal.com/report-verification-portal/,yes,report verification
https://envitechal.com/services/,200,KEEP_AUTHORITY,https://envitechal.com/services/,yes,service portfolio
https://envitechal.com/services/analytical-lab-services/,200,KEEP_AUTHORITY,https://envitechal.com/services/analytical-lab-services/,yes,analytical laboratory services
https://envitechal.com/services/ballast-water-testing-services/,200,KEEP_AUTHORITY,https://envitechal.com/services/ballast-water-testing-services/,yes,ballast-water testing capability
https://envitechal.com/services/certification-advisory/,200,KEEP_AUTHORITY,https://envitechal.com/services/certification-advisory/,yes,certification advisory
https://envitechal.com/services/environmental-advisory/,200,KEEP_AUTHORITY,https://envitechal.com/services/environmental-advisory/,yes,environmental advisory
https://envitechal.com/services/environmental-consultancy/,200,KEEP_AUTHORITY,https://envitechal.com/services/environmental-consultancy/,yes,environmental consultancy
https://envitechal.com/services/equipment-calibration-services/,200,KEEP_AUTHORITY,https://envitechal.com/services/equipment-calibration-services/,yes,equipment calibration capability
https://envitechal.com/services/technical-advisory-2/,200,KEEP_AUTHORITY,https://envitechal.com/services/technical-advisory-2/,yes,technical advisory
https://envitechal.com/services/thermal-imaging-inspection/,200,KEEP_AUTHORITY,https://envitechal.com/services/thermal-imaging-inspection/,yes,thermal-imaging inspection
https://envitechal.com/services/water-testing-lab-services/,200,KEEP_AUTHORITY,https://envitechal.com/services/water-testing-lab-services/,yes,water testing laboratory services
https://envitechal.com/sindh-environmental-quality-standards-seqs/,200,KEEP_AUTHORITY,https://envitechal.com/sindh-environmental-quality-standards-seqs/,yes,SEQS reference
https://envitechal.com/sindh-epa-vs-punjab-epa-noc-lahore/,200,KEEP_SUPPORTING,https://envitechal.com/services/environmental-consultancy/,yes,unique supporting article; internal evidence and anchors should reinforce the authority URL
https://envitechal.com/soil-hazardous-waste-testing/,200,KEEP_AUTHORITY,https://envitechal.com/soil-hazardous-waste-testing/,yes,soil and hazardous-waste testing
https://envitechal.com/tdap-registered-lab-in-karachi-pakistan/,200,KEEP_AUTHORITY,https://envitechal.com/tdap-registered-lab-in-karachi-pakistan/,yes,TDAP laboratory support
https://envitechal.com/wastewater-etp-effluent-testing-seqs-neqs/,200,KEEP_SUPPORTING,https://envitechal.com/drinking-water-testing-lab/,yes,unique supporting article; internal evidence and anchors should reinforce the authority URL
https://envitechal.com/wastewater-testing-services/,200,KEEP_AUTHORITY,https://envitechal.com/wastewater-testing-services/,yes,wastewater testing
https://envitechal.com/water-testing-cost-karachi/,200,KEEP_SUPPORTING,https://envitechal.com/drinking-water-testing-lab/,yes,unique supporting article; internal evidence and anchors should reinforce the authority URL
https://envitechal.com/22653-2/,legacy,301,https://envitechal.com/services/water-testing-lab-services/,no,reviewed legacy consolidation already outside the sitemap
https://envitechal.com/3-qualities-of-a-great-water-testing-lab/,legacy,301,https://envitechal.com/how-to-choose-the-suitable-environmental-lab/,no,reviewed legacy consolidation already outside the sitemap
https://envitechal.com/5-ways-environmental-consultancy-karachi/,legacy,301,https://envitechal.com/services/environmental-consultancy/,no,reviewed legacy consolidation already outside the sitemap
https://envitechal.com/9-services-provided-by-an-environmental-lab-and-consultancy/,legacy,301,https://envitechal.com/services/,no,reviewed legacy consolidation already outside the sitemap
https://envitechal.com/accredited-water-testing-lab-in-karachi/,legacy,301,https://envitechal.com/karachi-environmental-lab/,no,reviewed legacy consolidation already outside the sitemap
https://envitechal.com/air-quality-testing/,legacy,301,https://envitechal.com/gaseous-air-emission-testing-lab-near-me/,no,reviewed legacy consolidation already outside the sitemap
https://envitechal.com/ballast-water-testing-imo-karachi-port/,legacy,301,https://envitechal.com/services/ballast-water-testing-services/,no,reviewed legacy consolidation already outside the sitemap
https://envitechal.com/ballast-water-testing-services-karachi/,legacy,301,https://envitechal.com/services/ballast-water-testing-services/,no,reviewed legacy consolidation already outside the sitemap
https://envitechal.com/calibration-at-artistic-denim-mill-on-19march20/,legacy,301,https://envitechal.com/services/equipment-calibration-services/,no,reviewed legacy consolidation already outside the sitemap
https://envitechal.com/calibration-of-equipment-in-karachi/,legacy,301,https://envitechal.com/services/equipment-calibration-services/,no,reviewed legacy consolidation already outside the sitemap
https://envitechal.com/ce-marking-certification-in-pakistan/,legacy,301,https://envitechal.com/services/certification-advisory/,no,reviewed legacy consolidation already outside the sitemap
https://envitechal.com/certificates-approvals/,legacy,301,https://envitechal.com/accreditations-certifications/,no,reviewed legacy consolidation already outside the sitemap
https://envitechal.com/choosing-a-reliable-water-testing-company/,legacy,301,https://envitechal.com/how-to-choose-the-suitable-environmental-lab/,no,reviewed legacy consolidation already outside the sitemap
https://envitechal.com/common-benefits-of-environmental-certification/,legacy,301,https://envitechal.com/services/certification-advisory/,no,reviewed legacy consolidation already outside the sitemap
https://envitechal.com/complete-environmental-testing-solutions-at-envi-tech-al/,legacy,301,https://envitechal.com/services/analytical-lab-services/,no,reviewed legacy consolidation already outside the sitemap
https://envitechal.com/confidential-questions-of-the-hiring-environmental-firm/,legacy,301,https://envitechal.com/how-to-choose-the-suitable-environmental-lab/,no,reviewed legacy consolidation already outside the sitemap
https://envitechal.com/consultancy-of-modern-certification-in-pakistan/,legacy,301,https://envitechal.com/services/certification-advisory/,no,reviewed legacy consolidation already outside the sitemap
https://envitechal.com/consultancy-of-modern-certification-karachi-envi-tech-al/,legacy,301,https://envitechal.com/services/certification-advisory/,no,reviewed legacy consolidation already outside the sitemap
https://envitechal.com/consulting-services-for-ginners-gots-ocs-regenagri-certification/,legacy,301,https://envitechal.com/services/certification-advisory/,no,reviewed legacy consolidation already outside the sitemap
https://envitechal.com/discover-the-best-testing-laboratory-near-you-for-reliable-and-accurate-results/,legacy,301,https://envitechal.com/how-to-choose-the-suitable-environmental-lab/,no,reviewed legacy consolidation already outside the sitemap
https://envitechal.com/envi-tech-al-achieves-best-iso-iec-170252017-certificate/,legacy,301,https://envitechal.com/accreditations-certifications/,no,reviewed legacy consolidation already outside the sitemap
https://envitechal.com/envi-tech-al-water-testing-lab-solutions-karachi/,legacy,301,https://envitechal.com/services/water-testing-lab-services/,no,reviewed legacy consolidation already outside the sitemap
https://envitechal.com/environmental-consultancy-services-in-karachi-envi-tech-al/,legacy,301,https://envitechal.com/services/environmental-consultancy/,no,reviewed legacy consolidation already outside the sitemap
https://envitechal.com/environmental-lab-calibration-services-by-envi-tech-al/,legacy,301,https://envitechal.com/services/equipment-calibration-services/,no,reviewed legacy consolidation already outside the sitemap
https://envitechal.com/environmental-lab-excellence-the-services-of-envi-tech-al/,legacy,301,https://envitechal.com/services/analytical-lab-services/,no,reviewed legacy consolidation already outside the sitemap
https://envitechal.com/environmental-monitoring-services-aga-khan-hospital-karachi-pakistan/,legacy,301,https://envitechal.com/services/analytical-lab-services/,no,reviewed legacy consolidation already outside the sitemap
https://envitechal.com/environmental-testing-lab-in-karachi-lahore/,legacy,301,https://envitechal.com/services/analytical-lab-services/,no,reviewed legacy consolidation already outside the sitemap
https://envitechal.com/environmental-testing-lab-in-lahore/,legacy,301,https://envitechal.com/lahore-environmental-lab/,no,reviewed legacy consolidation already outside the sitemap
https://envitechal.com/environmental-testing-services/,legacy,301,https://envitechal.com/services/analytical-lab-services/,no,reviewed legacy consolidation already outside the sitemap
https://envitechal.com/environmental-water-testing-lab-in-pakistan/,legacy,301,https://envitechal.com/services/water-testing-lab-services/,no,reviewed legacy consolidation already outside the sitemap
https://envitechal.com/essential-of-insider-environmental-lab-consultancy-results/,legacy,301,https://envitechal.com/how-to-choose-the-suitable-environmental-lab/,no,reviewed legacy consolidation already outside the sitemap
https://envitechal.com/everything-you-need-to-know-about-gots-certification/,legacy,301,https://envitechal.com/services/certification-advisory/,no,reviewed legacy consolidation already outside the sitemap
https://envitechal.com/frequently-asked-questions-water-testing-in-karachi/,legacy,301,https://envitechal.com/environmental-testing-faqs-pakistan/,no,reviewed legacy consolidation already outside the sitemap
https://envitechal.com/fuel-saving-through-engine-performance-testing/,legacy,301,https://envitechal.com/services/technical-advisory-2/,no,reviewed legacy consolidation already outside the sitemap
https://envitechal.com/get-accurate-results-from-our-water-testing-lab-in-lahore/,legacy,301,https://envitechal.com/lahore-environmental-lab/,no,reviewed legacy consolidation already outside the sitemap
https://envitechal.com/gots-certification-consultancy-of-ginning-factory-in-uthal/,legacy,301,https://envitechal.com/services/certification-advisory/,no,reviewed legacy consolidation already outside the sitemap
https://envitechal.com/high-tech-equipment-water-testing/,legacy,301,https://envitechal.com/services/water-testing-lab-services/,no,reviewed legacy consolidation already outside the sitemap
https://envitechal.com/hiring-an-environmental-lab/,legacy,301,https://envitechal.com/how-to-choose-the-suitable-environmental-lab/,no,reviewed legacy consolidation already outside the sitemap
https://envitechal.com/https-envitechal-com-calibration-of-equipment-in-karachi/,legacy,301,https://envitechal.com/services/equipment-calibration-services/,no,reviewed legacy consolidation already outside the sitemap
https://envitechal.com/https-envitechal-com-services-environmental-consultancy/,legacy,301,https://envitechal.com/services/environmental-consultancy/,no,reviewed legacy consolidation already outside the sitemap
https://envitechal.com/lab-equipment-calibration-inspection-gwadar-hospital-project-cpec/,legacy,301,https://envitechal.com/services/equipment-calibration-services/,no,reviewed legacy consolidation already outside the sitemap
https://envitechal.com/new-insightful-guide-as-to-reveal-water-testing/,legacy,301,https://envitechal.com/drinking-water-testing-lab/,no,reviewed legacy consolidation already outside the sitemap
https://envitechal.com/newsupdates/,legacy,301,https://envitechal.com/blognewsupdates/,no,reviewed legacy consolidation already outside the sitemap
https://envitechal.com/our-services/,legacy,301,https://envitechal.com/services/,no,reviewed legacy consolidation already outside the sitemap
https://envitechal.com/protection-kit-testing-services/,legacy,301,https://envitechal.com/services/analytical-lab-services/,no,reviewed legacy consolidation already outside the sitemap
https://envitechal.com/proven-environmental-consultancy-secrets-here/,legacy,301,https://envitechal.com/services/environmental-consultancy/,no,reviewed legacy consolidation already outside the sitemap
https://envitechal.com/reliable-water-testing-services-environmental-lab-karachi/,legacy,301,https://envitechal.com/karachi-environmental-lab/,no,reviewed legacy consolidation already outside the sitemap
https://envitechal.com/remarkable-water-testing-offered-by-awesome-companies/,legacy,301,https://envitechal.com/services/water-testing-lab-services/,no,reviewed legacy consolidation already outside the sitemap
https://envitechal.com/revealing-the-hidden-link-drinking-water-and-kidney-failure-risks/,legacy,301,https://envitechal.com/drinking-water-testing-lab/,no,reviewed legacy consolidation already outside the sitemap
https://envitechal.com/services/water-testing-services/,legacy,301,https://envitechal.com/services/water-testing-lab-services/,no,reviewed legacy consolidation already outside the sitemap
https://envitechal.com/sindh-epa-noc-guide/,legacy,301,https://envitechal.com/services/environmental-consultancy/,no,reviewed legacy consolidation already outside the sitemap
https://envitechal.com/successful-start-up-of-wastewater-treatment-plant-at-mr-industries/,legacy,301,https://envitechal.com/wastewater-testing-services/,no,reviewed legacy consolidation already outside the sitemap
https://envitechal.com/unlock-precision-why-calibration-services-in-karachi-are-non-negotiable-for-industry-success/,legacy,301,https://envitechal.com/services/equipment-calibration-services/,no,reviewed legacy consolidation already outside the sitemap
https://envitechal.com/unlock-precision-why-calibration-services-in-karachi-are-non‐negotiable-for-industry-success/,legacy,301,https://envitechal.com/services/equipment-calibration-services/,no,reviewed legacy consolidation already outside the sitemap
https://envitechal.com/unveiling-water-testing-understanding-its-quality-and-procedures/,legacy,301,https://envitechal.com/drinking-water-testing-lab/,no,reviewed legacy consolidation already outside the sitemap
https://envitechal.com/water-quality-testing-mastering-your-ultimate-guide-to-excellence/,legacy,301,https://envitechal.com/services/water-testing-lab-services/,no,reviewed legacy consolidation already outside the sitemap
https://envitechal.com/water-testing-challenges-expert-solutions-and-strategies/,legacy,301,https://envitechal.com/services/water-testing-lab-services/,no,reviewed legacy consolidation already outside the sitemap
https://envitechal.com/water-testing-in-pakistan/,legacy,301,https://envitechal.com/services/water-testing-lab-services/,no,reviewed legacy consolidation already outside the sitemap
https://envitechal.com/water-testing-lab-karachi/,legacy,301,https://envitechal.com/services/water-testing-lab-services/,no,reviewed legacy consolidation already outside the sitemap
https://envitechal.com/water-testing-lab-near-me/,legacy,301,https://envitechal.com/services/water-testing-lab-services/,no,reviewed legacy consolidation already outside the sitemap
https://envitechal.com/water-testing-laboratory-for-drinking-water/,legacy,301,https://envitechal.com/drinking-water-testing-lab/,no,reviewed legacy consolidation already outside the sitemap
https://envitechal.com/what-are-the-benefits-of-environmental-lab-consultancy/,legacy,301,https://envitechal.com/services/environmental-consultancy/,no,reviewed legacy consolidation already outside the sitemap
https://envitechal.com/what-is-tdap-registered-lab-essential-information/,legacy,301,https://envitechal.com/tdap-registered-lab-in-karachi-pakistan/,no,reviewed legacy consolidation already outside the sitemap
https://envitechal.com/what-services-does-envi-tech-al-provide/,legacy,301,https://envitechal.com/services/,no,reviewed legacy consolidation already outside the sitemap
https://envitechal.com/whats-new-focused-insightful-of-environmental-lab/,legacy,301,https://envitechal.com/services/analytical-lab-services/,no,reviewed legacy consolidation already outside the sitemap
https://envitechal.com/why-you-should-consult-with-an-environmental-lab/,legacy,301,https://envitechal.com/services/environmental-consultancy/,no,reviewed legacy consolidation already outside the sitemap
