surface,target_or_issue,observed_state,action_utc,action_state,next_check,notes
Google URL Inspection,https://envitechal.com/,Indexed,2026-08-08T06:23:00+05:00,PRIORITY_CRAWL_QUEUED,2026-08-15,"Canonical entity homepage; submit once only"
Google URL Inspection,https://envitechal.com/accreditations-certifications/,Indexed,2026-08-08T06:27:00+05:00,PRIORITY_CRAWL_QUEUED,2026-08-15,"Definitive credential authority URL; one valid breadcrumb detected"
Google Sitemap,https://envitechal.com/sitemap_index.xml,Success,2026-08-08T06:45:00+05:00,SUBMITTED_SUCCESSFULLY,2026-08-15,"Canonical sitemap resubmitted after the authority/redirect release"
Google Page Indexing,Server error (5xx): two historical legacy articles,"Both now one-hop 301 to /services/analytical-lab-services/",2026-08-08T06:35:00+05:00,VALIDATION_STARTED,2026-08-15,"Do not restore obsolete articles merely to clear a historical coverage label"
Google Page Indexing,"Duplicate, Google chose different canonical: three category archives","All three currently return 200 with follow,noindex",2026-08-08T06:41:00+05:00,VALIDATION_STARTED,2026-08-15,"Intentional archive exclusion; no frontend or canonical mutation"
Google URL Inspection,https://envitechal.com/karachi-environmental-lab/,Indexed,,INDEX_CONFIRMED_QUEUE_NOT_REPEATED,2026-08-15,"Canonical branch authority; avoid repeated submission after browser control became unreliable"
Google URL Inspection,https://envitechal.com/lahore-environmental-lab/,Direct 200 self-canonical,,READY_FOR_SINGLE_SUBMISSION,2026-08-15,"Submit once when a stable authenticated inspection session is available"
Google URL Inspection,https://envitechal.com/about-envi-tech-al-for-ai-search-engines/,Direct 200 self-canonical,,READY_FOR_SINGLE_SUBMISSION,2026-08-15,"Submit once when a stable authenticated inspection session is available"
Bing Webmaster,https://envitechal.com/sitemap_index.xml,Account not authenticated,,ACCOUNT_ACCESS_REQUIRED,2026-08-15,"Do not install an unreviewed WordPress submission plugin or expose an API key"
